Workbook

Sheet NLZ NAP Report
A1: NAP REPORT | H1: NAP REPORT
A2: AREA | B2: PROVINCE | C2: <24HOURS | D2: 1-3 DAYS | E2: >3DAYS | F2: TOTAL | H2: AREA | I2: PROVINCE | J2: <24HOURS | K2: 1-3 DAYS | L2: >3DAYS | M2: TOTAL
A3: Cluster 1 | B3: Pangasinan | C3: =COUNTIFS('2025 NAP'!$D:$D, UPPER($B3), '2025 NAP'!$X:$X, "<1") -> 8 | D3: =COUNTIFS('2025 NAP'!$D:$D, UPPER($B3), '2025 NAP'!$X:$X, ">=1", '2025 NAP'!$X:$X, "<=3") -> 1 | E3: =COUNTIFS('2025 NAP'!$D:$D, UPPER($B3), '2025 NAP'!$X:$X, ">3") -> 9 | F3: =COUNTIF('2025 NAP'!D:D,B3) -> 18 | H3: =IFERROR(__xludf.DUMMYFUNCTION("{ SORT(FILTER(A3:F18, F3:F18 > 0), 6, FALSE); {""TOTAL"", """", SUM(C3:C18), SUM(D3:D18), SUM(E3:E18), SUM(F3:F18)} }"),"Cluster 1") -> Cluster 1 | I3: =IFERROR(__xludf.DUMMYFUNCTION("""COMPUTED_VALUE"""),"Pangasinan") -> Pangasinan | J3: =IFERROR(__xludf.DUMMYFUNCTION("""COMPUTED_VALUE"""),8.0) -> 8 | K3: =IFERROR(__xludf.DUMMYFUNCTION("""COMPUTED_VALUE"""),1.0) -> 1 | L3: =IFERROR(__xludf.DUMMYFUNCTION("""COMPUTED_VALUE"""),9.0) -> 9 | M3: =IFERROR(__xludf.DUMMYFUNCTION("""COMPUTED_VALUE"""),18.0) -> 18
A4: Cluster 3 | B4: Nueva_Ecija | C4: =COUNTIFS('2025 NAP'!$D:$D, UPPER($B4), '2025 NAP'!$X:$X, "<1") -> 5 | D4: =COUNTIFS('2025 NAP'!$D:$D, UPPER($B4), '2025 NAP'!$X:$X, ">=1", '2025 NAP'!$X:$X, "<=3") -> 2 | E4: =COUNTIFS('2025 NAP'!$D:$D, UPPER($B4), '2025 NAP'!$X:$X, ">3") -> 0 | F4: =COUNTIF('2025 NAP'!D:D,B4) -> 7 | H4: =IFERROR(__xludf.DUMMYFUNCTION("""COMPUTED_VALUE"""),"Cluster 3") -> Cluster 3 | I4: =IFERROR(__xludf.DUMMYFUNCTION("""COMPUTED_VALUE"""),"Nueva_Vizcaya") -> Nueva_Vizcaya | J4: =IFERROR(__xludf.DUMMYFUNCTION("""COMPUTED_VALUE"""),1.0) -> 1 | K4: =IFERROR(__xludf.DUMMYFUNCTION("""COMPUTED_VALUE"""),11.0) -> 11 | L4: =IFERROR(__xludf.DUMMYFUNCTION("""COMPUTED_VALUE"""),1.0) -> 1 | M4: =IFERROR(__xludf.DUMMYFUNCTION("""COMPUTED_VALUE"""),13.0) -> 13
A5: Cluster 2 | B5: Benguet | C5: =COUNTIFS('2025 NAP'!$D:$D, UPPER($B5), '2025 NAP'!$X:$X, "<1") -> 0 | D5: =COUNTIFS('2025 NAP'!$D:$D, UPPER($B5), '2025 NAP'!$X:$X, ">=1", '2025 NAP'!$X:$X, "<=3") -> 0 | E5: =COUNTIFS('2025 NAP'!$D:$D, UPPER($B5), '2025 NAP'!$X:$X, ">3") -> 3 | F5: =COUNTIF('2025 NAP'!D:D,B5) -> 3 | H5: =IFERROR(__xludf.DUMMYFUNCTION("""COMPUTED_VALUE"""),"Cluster 2") -> Cluster 2 | I5: =IFERROR(__xludf.DUMMYFUNCTION("""COMPUTED_VALUE"""),"Ilocos_Sur") -> Ilocos_Sur | J5: =IFERROR(__xludf.DUMMYFUNCTION("""COMPUTED_VALUE"""),7.0) -> 7 | K5: =IFERROR(__xludf.DUMMYFUNCTION("""COMPUTED_VALUE"""),3.0) -> 3 | L5: =IFERROR(__xludf.DUMMYFUNCTION("""COMPUTED_VALUE"""),0.0) -> 0 | M5: =IFERROR(__xludf.DUMMYFUNCTION("""COMPUTED_VALUE"""),10.0) -> 10
A6: Cluster 2 | B6: La_Union | C6: =COUNTIFS('2025 NAP'!$D:$D, UPPER($B6), '2025 NAP'!$X:$X, "<1") -> 1 | D6: =COUNTIFS('2025 NAP'!$D:$D, UPPER($B6), '2025 NAP'!$X:$X, ">=1", '2025 NAP'!$X:$X, "<=3") -> 2 | E6: =COUNTIFS('2025 NAP'!$D:$D, UPPER($B6), '2025 NAP'!$X:$X, ">3") -> 1 | F6: =COUNTIF('2025 NAP'!D:D,B6) -> 4 | H6: =IFERROR(__xludf.DUMMYFUNCTION("""COMPUTED_VALUE"""),"Cluster 3") -> Cluster 3 | I6: =IFERROR(__xludf.DUMMYFUNCTION("""COMPUTED_VALUE"""),"Nueva_Ecija") -> Nueva_Ecija | J6: =IFERROR(__xludf.DUMMYFUNCTION("""COMPUTED_VALUE"""),5.0) -> 5 | K6: =IFERROR(__xludf.DUMMYFUNCTION("""COMPUTED_VALUE"""),2.0) -> 2 | L6: =IFERROR(__xludf.DUMMYFUNCTION("""COMPUTED_VALUE"""),0.0) -> 0 | M6: =IFERROR(__xludf.DUMMYFUNCTION("""COMPUTED_VALUE"""),7.0) -> 7
A7: Cluster 2 | B7: Abra | C7: =COUNTIFS('2025 NAP'!$D:$D, UPPER($B7), '2025 NAP'!$X:$X, "<1") -> 0 | D7: =COUNTIFS('2025 NAP'!$D:$D, UPPER($B7), '2025 NAP'!$X:$X, ">=1", '2025 NAP'!$X:$X, "<=3") -> 0 | E7: =COUNTIFS('2025 NAP'!$D:$D, UPPER($B7), '2025 NAP'!$X:$X, ">3") -> 0 | F7: =COUNTIF('2025 NAP'!D:D,B7) -> 0 | H7: =IFERROR(__xludf.DUMMYFUNCTION("""COMPUTED_VALUE"""),"Cluster 2") -> Cluster 2 | I7: =IFERROR(__xludf.DUMMYFUNCTION("""COMPUTED_VALUE"""),"Ilocos_Norte") -> Ilocos_Norte | J7: =IFERROR(__xludf.DUMMYFUNCTION("""COMPUTED_VALUE"""),5.0) -> 5 | K7: =IFERROR(__xludf.DUMMYFUNCTION("""COMPUTED_VALUE"""),0.0) -> 0 | L7: =IFERROR(__xludf.DUMMYFUNCTION("""COMPUTED_VALUE"""),0.0) -> 0 | M7: =IFERROR(__xludf.DUMMYFUNCTION("""COMPUTED_VALUE"""),5.0) -> 5
A8: Cluster 2 | B8: Ilocos_Norte | C8: =COUNTIFS('2025 NAP'!$D:$D, UPPER($B8), '2025 NAP'!$X:$X, "<1") -> 5 | D8: =COUNTIFS('2025 NAP'!$D:$D, UPPER($B8), '2025 NAP'!$X:$X, ">=1", '2025 NAP'!$X:$X, "<=3") -> 0 | E8: =COUNTIFS('2025 NAP'!$D:$D, UPPER($B8), '2025 NAP'!$X:$X, ">3") -> 0 | F8: =COUNTIF('2025 NAP'!D:D,B8) -> 5 | H8: =IFERROR(__xludf.DUMMYFUNCTION("""COMPUTED_VALUE"""),"Cluster 3") -> Cluster 3 | I8: =IFERROR(__xludf.DUMMYFUNCTION("""COMPUTED_VALUE"""),"Cagayan") -> Cagayan | J8: =IFERROR(__xludf.DUMMYFUNCTION("""COMPUTED_VALUE"""),4.0) -> 4 | K8: =IFERROR(__xludf.DUMMYFUNCTION("""COMPUTED_VALUE"""),0.0) -> 0 | L8: =IFERROR(__xludf.DUMMYFUNCTION("""COMPUTED_VALUE"""),1.0) -> 1 | M8: =IFERROR(__xludf.DUMMYFUNCTION("""COMPUTED_VALUE"""),5.0) -> 5
A9: Cluster 2 | B9: Mt_Province | C9: =COUNTIFS('2025 NAP'!$D:$D, UPPER($B9), '2025 NAP'!$X:$X, "<1") -> 0 | D9: =COUNTIFS('2025 NAP'!$D:$D, UPPER($B9), '2025 NAP'!$X:$X, ">=1", '2025 NAP'!$X:$X, "<=3") -> 0 | E9: =COUNTIFS('2025 NAP'!$D:$D, UPPER($B9), '2025 NAP'!$X:$X, ">3") -> 0 | F9: =COUNTIF('2025 NAP'!D:D,B9) -> 0 | H9: =IFERROR(__xludf.DUMMYFUNCTION("""COMPUTED_VALUE"""),"Cluster 2") -> Cluster 2 | I9: =IFERROR(__xludf.DUMMYFUNCTION("""COMPUTED_VALUE"""),"La_Union") -> La_Union | J9: =IFERROR(__xludf.DUMMYFUNCTION("""COMPUTED_VALUE"""),1.0) -> 1 | K9: =IFERROR(__xludf.DUMMYFUNCTION("""COMPUTED_VALUE"""),2.0) -> 2 | L9: =IFERROR(__xludf.DUMMYFUNCTION("""COMPUTED_VALUE"""),1.0) -> 1 | M9: =IFERROR(__xludf.DUMMYFUNCTION("""COMPUTED_VALUE"""),4.0) -> 4
A10: Cluster 3 | B10: Nueva_Vizcaya | C10: =COUNTIFS('2025 NAP'!$D:$D, UPPER($B10), '2025 NAP'!$X:$X, "<1") -> 1 | D10: =COUNTIFS('2025 NAP'!$D:$D, UPPER($B10), '2025 NAP'!$X:$X, ">=1", '2025 NAP'!$X:$X, "<=3") -> 11 | E10: =COUNTIFS('2025 NAP'!$D:$D, UPPER($B10), '2025 NAP'!$X:$X, ">3") -> 1 | F10: =COUNTIF('2025 NAP'!D:D,B10) -> 13 | H10: =IFERROR(__xludf.DUMMYFUNCTION("""COMPUTED_VALUE"""),"Cluster 3") -> Cluster 3 | I10: =IFERROR(__xludf.DUMMYFUNCTION("""COMPUTED_VALUE"""),"Isabela") -> Isabela | J10: =IFERROR(__xludf.DUMMYFUNCTION("""COMPUTED_VALUE"""),0.0) -> 0 | K10: =IFERROR(__xludf.DUMMYFUNCTION("""COMPUTED_VALUE"""),4.0) -> 4 | L10: =IFERROR(__xludf.DUMMYFUNCTION("""COMPUTED_VALUE"""),0.0) -> 0 | M10: =IFERROR(__xludf.DUMMYFUNCTION("""COMPUTED_VALUE"""),4.0) -> 4
A11: Cluster 3 | B11: Cagayan | C11: =COUNTIFS('2025 NAP'!$D:$D, UPPER($B11), '2025 NAP'!$X:$X, "<1") -> 4 | D11: =COUNTIFS('2025 NAP'!$D:$D, UPPER($B11), '2025 NAP'!$X:$X, ">=1", '2025 NAP'!$X:$X, "<=3") -> 0 | E11: =COUNTIFS('2025 NAP'!$D:$D, UPPER($B11), '2025 NAP'!$X:$X, ">3") -> 1 | F11: =COUNTIF('2025 NAP'!D:D,B11) -> 5 | H11: =IFERROR(__xludf.DUMMYFUNCTION("""COMPUTED_VALUE"""),"Cluster 2") -> Cluster 2 | I11: =IFERROR(__xludf.DUMMYFUNCTION("""COMPUTED_VALUE"""),"Benguet") -> Benguet | J11: =IFERROR(__xludf.DUMMYFUNCTION("""COMPUTED_VALUE"""),0.0) -> 0 | K11: =IFERROR(__xludf.DUMMYFUNCTION("""COMPUTED_VALUE"""),0.0) -> 0 | L11: =IFERROR(__xludf.DUMMYFUNCTION("""COMPUTED_VALUE"""),3.0) -> 3 | M11: =IFERROR(__xludf.DUMMYFUNCTION("""COMPUTED_VALUE"""),3.0) -> 3
A12: Cluster 2 | B12: Ilocos_Sur | C12: =COUNTIFS('2025 NAP'!$D:$D, UPPER($B12), '2025 NAP'!$X:$X, "<1") -> 7 | D12: =COUNTIFS('2025 NAP'!$D:$D, UPPER($B12), '2025 NAP'!$X:$X, ">=1", '2025 NAP'!$X:$X, "<=3") -> 3 | E12: =COUNTIFS('2025 NAP'!$D:$D, UPPER($B12), '2025 NAP'!$X:$X, ">3") -> 0 | F12: =COUNTIF('2025 NAP'!D:D,B12) -> 10 | H12: =IFERROR(__xludf.DUMMYFUNCTION("""COMPUTED_VALUE"""),"Cluster 3") -> Cluster 3 | I12: =IFERROR(__xludf.DUMMYFUNCTION("""COMPUTED_VALUE"""),"Apayao") -> Apayao | J12: =IFERROR(__xludf.DUMMYFUNCTION("""COMPUTED_VALUE"""),1.0) -> 1 | K12: =IFERROR(__xludf.DUMMYFUNCTION("""COMPUTED_VALUE"""),0.0) -> 0 | L12: =IFERROR(__xludf.DUMMYFUNCTION("""COMPUTED_VALUE"""),0.0) -> 0 | M12: =IFERROR(__xludf.DUMMYFUNCTION("""COMPUTED_VALUE"""),1.0) -> 1
A13: Cluster 3 | B13: Isabela | C13: =COUNTIFS('2025 NAP'!$D:$D, UPPER($B13), '2025 NAP'!$X:$X, "<1") -> 0 | D13: =COUNTIFS('2025 NAP'!$D:$D, UPPER($B13), '2025 NAP'!$X:$X, ">=1", '2025 NAP'!$X:$X, "<=3") -> 4 | E13: =COUNTIFS('2025 NAP'!$D:$D, UPPER($B13), '2025 NAP'!$X:$X, ">3") -> 0 | F13: =COUNTIF('2025 NAP'!D:D,B13) -> 4 | H13: =IFERROR(__xludf.DUMMYFUNCTION("""COMPUTED_VALUE"""),"Cluster 3") -> Cluster 3 | I13: =IFERROR(__xludf.DUMMYFUNCTION("""COMPUTED_VALUE"""),"Ifugao") -> Ifugao | J13: =IFERROR(__xludf.DUMMYFUNCTION("""COMPUTED_VALUE"""),0.0) -> 0 | K13: =IFERROR(__xludf.DUMMYFUNCTION("""COMPUTED_VALUE"""),1.0) -> 1 | L13: =IFERROR(__xludf.DUMMYFUNCTION("""COMPUTED_VALUE"""),0.0) -> 0 | M13: =IFERROR(__xludf.DUMMYFUNCTION("""COMPUTED_VALUE"""),1.0) -> 1
A14: Cluster 3 | B14: Apayao | C14: =COUNTIFS('2025 NAP'!$D:$D, UPPER($B14), '2025 NAP'!$X:$X, "<1") -> 1 | D14: =COUNTIFS('2025 NAP'!$D:$D, UPPER($B14), '2025 NAP'!$X:$X, ">=1", '2025 NAP'!$X:$X, "<=3") -> 0 | E14: =COUNTIFS('2025 NAP'!$D:$D, UPPER($B14), '2025 NAP'!$X:$X, ">3") -> 0 | F14: =COUNTIF('2025 NAP'!D:D,B14) -> 1 | H14: =IFERROR(__xludf.DUMMYFUNCTION("""COMPUTED_VALUE"""),"TOTAL") -> TOTAL | I14: =IFERROR(__xludf.DUMMYFUNCTION("""COMPUTED_VALUE"""),"") | J14: =IFERROR(__xludf.DUMMYFUNCTION("""COMPUTED_VALUE"""),32.0) -> 32 | K14: =IFERROR(__xludf.DUMMYFUNCTION("""COMPUTED_VALUE"""),24.0) -> 24 | L14: =IFERROR(__xludf.DUMMYFUNCTION("""COMPUTED_VALUE"""),15.0) -> 15 | M14: =IFERROR(__xludf.DUMMYFUNCTION("""COMPUTED_VALUE"""),71.0) -> 71
A15: Cluster 3 | B15: Ifugao | C15: =COUNTIFS('2025 NAP'!$D:$D, UPPER($B15), '2025 NAP'!$X:$X, "<1") -> 0 | D15: =COUNTIFS('2025 NAP'!$D:$D, UPPER($B15), '2025 NAP'!$X:$X, ">=1", '2025 NAP'!$X:$X, "<=3") -> 1 | E15: =COUNTIFS('2025 NAP'!$D:$D, UPPER($B15), '2025 NAP'!$X:$X, ">3") -> 0 | F15: =COUNTIF('2025 NAP'!D:D,B15) -> 1
A16: Cluster 3 | B16: Aurora | C16: =COUNTIFS('2025 NAP'!$D:$D, UPPER($B16), '2025 NAP'!$X:$X, "<1") -> 0 | D16: =COUNTIFS('2025 NAP'!$D:$D, UPPER($B16), '2025 NAP'!$X:$X, ">=1", '2025 NAP'!$X:$X, "<=3") -> 0 | E16: =COUNTIFS('2025 NAP'!$D:$D, UPPER($B16), '2025 NAP'!$X:$X, ">3") -> 0 | F16: =COUNTIF('2025 NAP'!D:D,B16) -> 0
A17: Cluster 3 | B17: Quirino | C17: =COUNTIFS('2025 NAP'!$D:$D, UPPER($B17), '2025 NAP'!$X:$X, "<1") -> 0 | D17: =COUNTIFS('2025 NAP'!$D:$D, UPPER($B17), '2025 NAP'!$X:$X, ">=1", '2025 NAP'!$X:$X, "<=3") -> 0 | E17: =COUNTIFS('2025 NAP'!$D:$D, UPPER($B17), '2025 NAP'!$X:$X, ">3") -> 0 | F17: =COUNTIF('2025 NAP'!D:D,B17) -> 0
A18: Cluster 3 | B18: Kalinga | C18: =COUNTIFS('2025 NAP'!$D:$D, UPPER($B18), '2025 NAP'!$X:$X, "<1") -> 0 | D18: =COUNTIFS('2025 NAP'!$D:$D, UPPER($B18), '2025 NAP'!$X:$X, ">=1", '2025 NAP'!$X:$X, "<=3") -> 0 | E18: =COUNTIFS('2025 NAP'!$D:$D, UPPER($B18), '2025 NAP'!$X:$X, ">3") -> 0 | F18: =COUNTIF('2025 NAP'!D:D,B18) -> 0
B19: TOTAL | C19: =SUM(C3:C18) -> 32 | D19: =SUM(D3:D18) -> 24 | E19: =SUM(E3:E18) -> 15 | F19: =SUM(F3:F18) -> 71

Sheet NLZ LCP Report
A1: LCP REPORT | G1: LCP REPORT
A2: AREA | B2: PROVINCE | C2: TT COUNT | D2: LCP COUNT | E2: CLIENTS | G2: AREA | H2: PROVINCE | I2: TT COUNT | J2: LCP COUNT | K2: CLIENTS
A3: Cluster 2 | B3: Abra | C3: =COUNTIF('LCP Tickets'!D:D,B3) -> 0 | D3: =SUMIF('LCP Tickets'!$D:$D, B3, 'LCP Tickets'!$AB:$AB) -> 0 | E3: =SUMIF('LCP Tickets'!$D:$D, B3, 'LCP Tickets'!$AC:$AC) -> 0 | G3: =IFERROR(__xludf.DUMMYFUNCTION("{ SORT(FILTER(A3:E18, E3:E18 > 0), 5, FALSE); {""TOTAL"", """", SUM(C3:C18), SUM(D3:D18), SUM(E3:E18)} }"),"Cluster 1") -> Cluster 1 | H3: =IFERROR(__xludf.DUMMYFUNCTION("""COMPUTED_VALUE"""),"Pangasinan") -> Pangasinan | I3: =IFERROR(__xludf.DUMMYFUNCTION("""COMPUTED_VALUE"""),2.0) -> 2 | J3: =IFERROR(__xludf.DUMMYFUNCTION("""COMPUTED_VALUE"""),12.0) -> 12 | K3: =IFERROR(__xludf.DUMMYFUNCTION("""COMPUTED_VALUE"""),498.0) -> 498
A4: Cluster 3 | B4: Apayao | C4: =COUNTIF('LCP Tickets'!D:D,B4) -> 0 | D4: =SUMIF('LCP Tickets'!$D:$D, B4, 'LCP Tickets'!$AB:$AB) -> 0 | E4: =SUMIF('LCP Tickets'!$D:$D, B4, 'LCP Tickets'!$AC:$AC) -> 0 | G4: =IFERROR(__xludf.DUMMYFUNCTION("""COMPUTED_VALUE"""),"Cluster 3") -> Cluster 3 | H4: =IFERROR(__xludf.DUMMYFUNCTION("""COMPUTED_VALUE"""),"Nueva_Vizcaya") -> Nueva_Vizcaya | I4: =IFERROR(__xludf.DUMMYFUNCTION("""COMPUTED_VALUE"""),1.0) -> 1 | J4: =IFERROR(__xludf.DUMMYFUNCTION("""COMPUTED_VALUE"""),12.0) -> 12 | K4: =IFERROR(__xludf.DUMMYFUNCTION("""COMPUTED_VALUE"""),245.0) -> 245
A5: Cluster 3 | B5: Aurora | C5: =COUNTIF('LCP Tickets'!D:D,B5) -> 0 | D5: =SUMIF('LCP Tickets'!$D:$D, B5, 'LCP Tickets'!$AB:$AB) -> 0 | E5: =SUMIF('LCP Tickets'!$D:$D, B5, 'LCP Tickets'!$AC:$AC) -> 0 | G5: =IFERROR(__xludf.DUMMYFUNCTION("""COMPUTED_VALUE"""),"Cluster 2") -> Cluster 2 | H5: =IFERROR(__xludf.DUMMYFUNCTION("""COMPUTED_VALUE"""),"Ilocos_Norte") -> Ilocos_Norte | I5: =IFERROR(__xludf.DUMMYFUNCTION("""COMPUTED_VALUE"""),3.0) -> 3 | J5: =IFERROR(__xludf.DUMMYFUNCTION("""COMPUTED_VALUE"""),5.0) -> 5 | K5: =IFERROR(__xludf.DUMMYFUNCTION("""COMPUTED_VALUE"""),88.0) -> 88
A6: Cluster 2 | B6: Benguet | C6: =COUNTIF('LCP Tickets'!D:D,B6) -> 4 | D6: =SUMIF('LCP Tickets'!$D:$D, B6, 'LCP Tickets'!$AB:$AB) -> 5 | E6: =SUMIF('LCP Tickets'!$D:$D, B6, 'LCP Tickets'!$AC:$AC) -> 21 | G6: =IFERROR(__xludf.DUMMYFUNCTION("""COMPUTED_VALUE"""),"Cluster 2") -> Cluster 2 | H6: =IFERROR(__xludf.DUMMYFUNCTION("""COMPUTED_VALUE"""),"Benguet") -> Benguet | I6: =IFERROR(__xludf.DUMMYFUNCTION("""COMPUTED_VALUE"""),4.0) -> 4 | J6: =IFERROR(__xludf.DUMMYFUNCTION("""COMPUTED_VALUE"""),5.0) -> 5 | K6: =IFERROR(__xludf.DUMMYFUNCTION("""COMPUTED_VALUE"""),21.0) -> 21
A7: Cluster 3 | B7: Cagayan | C7: =COUNTIF('LCP Tickets'!D:D,B7) -> 0 | D7: =SUMIF('LCP Tickets'!$D:$D, B7, 'LCP Tickets'!$AB:$AB) -> 0 | E7: =SUMIF('LCP Tickets'!$D:$D, B7, 'LCP Tickets'!$AC:$AC) -> 0 | G7: =IFERROR(__xludf.DUMMYFUNCTION("""COMPUTED_VALUE"""),"Cluster 3") -> Cluster 3 | H7: =IFERROR(__xludf.DUMMYFUNCTION("""COMPUTED_VALUE"""),"Ifugao") -> Ifugao | I7: =IFERROR(__xludf.DUMMYFUNCTION("""COMPUTED_VALUE"""),1.0) -> 1 | J7: =IFERROR(__xludf.DUMMYFUNCTION("""COMPUTED_VALUE"""),1.0) -> 1 | K7: =IFERROR(__xludf.DUMMYFUNCTION("""COMPUTED_VALUE"""),7.0) -> 7
A8: Cluster 3 | B8: Ifugao | C8: =COUNTIF('LCP Tickets'!D:D,B8) -> 1 | D8: =SUMIF('LCP Tickets'!$D:$D, B8, 'LCP Tickets'!$AB:$AB) -> 1 | E8: =SUMIF('LCP Tickets'!$D:$D, B8, 'LCP Tickets'!$AC:$AC) -> 7 | G8: =IFERROR(__xludf.DUMMYFUNCTION("""COMPUTED_VALUE"""),"TOTAL") -> TOTAL | H8: =IFERROR(__xludf.DUMMYFUNCTION("""COMPUTED_VALUE"""),"") | I8: =IFERROR(__xludf.DUMMYFUNCTION("""COMPUTED_VALUE"""),11.0) -> 11 | J8: =IFERROR(__xludf.DUMMYFUNCTION("""COMPUTED_VALUE"""),35.0) -> 35 | K8: =IFERROR(__xludf.DUMMYFUNCTION("""COMPUTED_VALUE"""),859.0) -> 859
A9: Cluster 2 | B9: Ilocos_Norte | C9: =COUNTIF('LCP Tickets'!D:D,B9) -> 3 | D9: =SUMIF('LCP Tickets'!$D:$D, B9, 'LCP Tickets'!$AB:$AB) -> 5 | E9: =SUMIF('LCP Tickets'!$D:$D, B9, 'LCP Tickets'!$AC:$AC) -> 88
A10: Cluster 2 | B10: Ilocos_Sur | C10: =COUNTIF('LCP Tickets'!D:D,B10) -> 0 | D10: =SUMIF('LCP Tickets'!$D:$D, B10, 'LCP Tickets'!$AB:$AB) -> 0 | E10: =SUMIF('LCP Tickets'!$D:$D, B10, 'LCP Tickets'!$AC:$AC) -> 0
A11: Cluster 3 | B11: Isabela | C11: =COUNTIF('LCP Tickets'!D:D,B11) -> 0 | D11: =SUMIF('LCP Tickets'!$D:$D, B11, 'LCP Tickets'!$AB:$AB) -> 0 | E11: =SUMIF('LCP Tickets'!$D:$D, B11, 'LCP Tickets'!$AC:$AC) -> 0
A12: Cluster 3 | B12: Kalinga | C12: =COUNTIF('LCP Tickets'!D:D,B12) -> 0 | D12: =SUMIF('LCP Tickets'!$D:$D, B12, 'LCP Tickets'!$AB:$AB) -> 0 | E12: =SUMIF('LCP Tickets'!$D:$D, B12, 'LCP Tickets'!$AC:$AC) -> 0
A13: Cluster 2 | B13: La_Union | C13: =COUNTIF('LCP Tickets'!D:D,B13) -> 0 | D13: =SUMIF('LCP Tickets'!$D:$D, B13, 'LCP Tickets'!$AB:$AB) -> 0 | E13: =SUMIF('LCP Tickets'!$D:$D, B13, 'LCP Tickets'!$AC:$AC) -> 0
A14: Cluster 2 | B14: Mt_Province | C14: =COUNTIF('LCP Tickets'!D:D,B14) -> 0 | D14: =SUMIF('LCP Tickets'!$D:$D, B14, 'LCP Tickets'!$AB:$AB) -> 0 | E14: =SUMIF('LCP Tickets'!$D:$D, B14, 'LCP Tickets'!$AC:$AC) -> 0
A15: Cluster 3 | B15: Nueva_Ecija | C15: =COUNTIF('LCP Tickets'!D:D,B15) -> 0 | D15: =SUMIF('LCP Tickets'!$D:$D, B15, 'LCP Tickets'!$AB:$AB) -> 0 | E15: =SUMIF('LCP Tickets'!$D:$D, B15, 'LCP Tickets'!$AC:$AC) -> 0
A16: Cluster 3 | B16: Nueva_Vizcaya | C16: =COUNTIF('LCP Tickets'!D:D,B16) -> 1 | D16: =SUMIF('LCP Tickets'!$D:$D, B16, 'LCP Tickets'!$AB:$AB) -> 12 | E16: =SUMIF('LCP Tickets'!$D:$D, B16, 'LCP Tickets'!$AC:$AC) -> 245
A17: Cluster 1 | B17: Pangasinan | C17: =COUNTIF('LCP Tickets'!D:D,B17) -> 2 | D17: =SUMIF('LCP Tickets'!$D:$D, B17, 'LCP Tickets'!$AB:$AB) -> 12 | E17: =SUMIF('LCP Tickets'!$D:$D, B17, 'LCP Tickets'!$AC:$AC) -> 498
A18: Cluster 3 | B18: Quirino | C18: =COUNTIF('LCP Tickets'!D:D,B18) -> 0 | D18: =SUMIF('LCP Tickets'!$D:$D, B18, 'LCP Tickets'!$AB:$AB) -> 0 | E18: =SUMIF('LCP Tickets'!$D:$D, B18, 'LCP Tickets'!$AC:$AC) -> 0
B19: TOTAL | C19: =SUM(C3:C18) -> 11 | D19: =SUM(D3:D18) -> 35 | E19: =SUM(E3:E18) -> 859
A22: LCP Aging Report | G22: LCP AGING REPORT
A23: AREA | B23: PROVINCE | C23: <24HOURS | D23: 1-3 DAYS | E23: >3DAYS | F23: TOTAL | G23: AREA | H23: PROVINCE | I23: <24HOURS | J23: 1-3 DAYS | K23: >3DAYS | L23: TOTAL
A24: Cluster 2 | B24: Abra | C24: =SUMIFS('LCP Tickets'!$AB:$AB, 'LCP Tickets'!$D:$D, UPPER($B24), 'LCP Tickets'!$AA:$AA, "<1") -> 0 | D24: =SUMIFS('LCP Tickets'!$AB:$AB, 'LCP Tickets'!$D:$D, UPPER($B24), 'LCP Tickets'!$AA:$AA, ">=1", 'LCP Tickets'!$AA:$AA, "<=3") -> 0 | E24: =SUMIFS('LCP Tickets'!$AB:$AB, 'LCP Tickets'!$D:$D, UPPER($B24), 'LCP Tickets'!$AA:$AA, ">3") -> 0 | F24: =SUM(C24:E24) -> 0 | G24: =IFERROR(__xludf.DUMMYFUNCTION("{ SORT(FILTER(A24:F39, F24:F39 > 0), 6, FALSE); {""TOTAL"", """", SUM(C24:C39), SUM(D24:D39), SUM(E24:E39), SUM(F24:F39)} }"),"Cluster 3") -> Cluster 3 | H24: =IFERROR(__xludf.DUMMYFUNCTION("""COMPUTED_VALUE"""),"Nueva_Vizcaya") -> Nueva_Vizcaya | I24: =IFERROR(__xludf.DUMMYFUNCTION("""COMPUTED_VALUE"""),12.0) -> 12 | J24: =IFERROR(__xludf.DUMMYFUNCTION("""COMPUTED_VALUE"""),0.0) -> 0 | K24: =IFERROR(__xludf.DUMMYFUNCTION("""COMPUTED_VALUE"""),0.0) -> 0 | L24: =IFERROR(__xludf.DUMMYFUNCTION("""COMPUTED_VALUE"""),12.0) -> 12
A25: Cluster 3 | B25: Apayao | C25: =SUMIFS('LCP Tickets'!$AB:$AB, 'LCP Tickets'!$D:$D, UPPER($B25), 'LCP Tickets'!$AA:$AA, "<1") -> 0 | D25: =SUMIFS('LCP Tickets'!$AB:$AB, 'LCP Tickets'!$D:$D, UPPER($B25), 'LCP Tickets'!$AA:$AA, ">=1", 'LCP Tickets'!$AA:$AA, "<=3") -> 0 | E25: =SUMIFS('LCP Tickets'!$AB:$AB, 'LCP Tickets'!$D:$D, UPPER($B25), 'LCP Tickets'!$AA:$AA, ">3") -> 0 | F25: =SUM(C25:E25) -> 0 | G25: =IFERROR(__xludf.DUMMYFUNCTION("""COMPUTED_VALUE"""),"Cluster 1") -> Cluster 1 | H25: =IFERROR(__xludf.DUMMYFUNCTION("""COMPUTED_VALUE"""),"Pangasinan") -> Pangasinan | I25: =IFERROR(__xludf.DUMMYFUNCTION("""COMPUTED_VALUE"""),12.0) -> 12 | J25: =IFERROR(__xludf.DUMMYFUNCTION("""COMPUTED_VALUE"""),0.0) -> 0 | K25: =IFERROR(__xludf.DUMMYFUNCTION("""COMPUTED_VALUE"""),0.0) -> 0 | L25: =IFERROR(__xludf.DUMMYFUNCTION("""COMPUTED_VALUE"""),12.0) -> 12
A26: Cluster 3 | B26: Aurora | C26: =SUMIFS('LCP Tickets'!$AB:$AB, 'LCP Tickets'!$D:$D, UPPER($B26), 'LCP Tickets'!$AA:$AA, "<1") -> 0 | D26: =SUMIFS('LCP Tickets'!$AB:$AB, 'LCP Tickets'!$D:$D, UPPER($B26), 'LCP Tickets'!$AA:$AA, ">=1", 'LCP Tickets'!$AA:$AA, "<=3") -> 0 | E26: =SUMIFS('LCP Tickets'!$AB:$AB, 'LCP Tickets'!$D:$D, UPPER($B26), 'LCP Tickets'!$AA:$AA, ">3") -> 0 | F26: =SUM(C26:E26) -> 0 | G26: =IFERROR(__xludf.DUMMYFUNCTION("""COMPUTED_VALUE"""),"Cluster 2") -> Cluster 2 | H26: =IFERROR(__xludf.DUMMYFUNCTION("""COMPUTED_VALUE"""),"Benguet") -> Benguet | I26: =IFERROR(__xludf.DUMMYFUNCTION("""COMPUTED_VALUE"""),1.0) -> 1 | J26: =IFERROR(__xludf.DUMMYFUNCTION("""COMPUTED_VALUE"""),1.0) -> 1 | K26: =IFERROR(__xludf.DUMMYFUNCTION("""COMPUTED_VALUE"""),3.0) -> 3 | L26: =IFERROR(__xludf.DUMMYFUNCTION("""COMPUTED_VALUE"""),5.0) -> 5
A27: Cluster 2 | B27: Benguet | C27: =SUMIFS('LCP Tickets'!$AB:$AB, 'LCP Tickets'!$D:$D, UPPER($B27), 'LCP Tickets'!$AA:$AA, "<1") -> 1 | D27: =SUMIFS('LCP Tickets'!$AB:$AB, 'LCP Tickets'!$D:$D, UPPER($B27), 'LCP Tickets'!$AA:$AA, ">=1", 'LCP Tickets'!$AA:$AA, "<=3") -> 1 | E27: =SUMIFS('LCP Tickets'!$AB:$AB, 'LCP Tickets'!$D:$D, UPPER($B27), 'LCP Tickets'!$AA:$AA, ">3") -> 3 | F27: =SUM(C27:E27) -> 5 | G27: =IFERROR(__xludf.DUMMYFUNCTION("""COMPUTED_VALUE"""),"Cluster 2") -> Cluster 2 | H27: =IFERROR(__xludf.DUMMYFUNCTION("""COMPUTED_VALUE"""),"Ilocos_Norte") -> Ilocos_Norte | I27: =IFERROR(__xludf.DUMMYFUNCTION("""COMPUTED_VALUE"""),5.0) -> 5 | J27: =IFERROR(__xludf.DUMMYFUNCTION("""COMPUTED_VALUE"""),0.0) -> 0 | K27: =IFERROR(__xludf.DUMMYFUNCTION("""COMPUTED_VALUE"""),0.0) -> 0 | L27: =IFERROR(__xludf.DUMMYFUNCTION("""COMPUTED_VALUE"""),5.0) -> 5
A28: Cluster 3 | B28: Cagayan | C28: =SUMIFS('LCP Tickets'!$AB:$AB, 'LCP Tickets'!$D:$D, UPPER($B28), 'LCP Tickets'!$AA:$AA, "<1") -> 0 | D28: =SUMIFS('LCP Tickets'!$AB:$AB, 'LCP Tickets'!$D:$D, UPPER($B28), 'LCP Tickets'!$AA:$AA, ">=1", 'LCP Tickets'!$AA:$AA, "<=3") -> 0 | E28: =SUMIFS('LCP Tickets'!$AB:$AB, 'LCP Tickets'!$D:$D, UPPER($B28), 'LCP Tickets'!$AA:$AA, ">3") -> 0 | F28: =SUM(C28:E28) -> 0 | G28: =IFERROR(__xludf.DUMMYFUNCTION("""COMPUTED_VALUE"""),"Cluster 3") -> Cluster 3 | H28: =IFERROR(__xludf.DUMMYFUNCTION("""COMPUTED_VALUE"""),"Ifugao") -> Ifugao | I28: =IFERROR(__xludf.DUMMYFUNCTION("""COMPUTED_VALUE"""),0.0) -> 0 | J28: =IFERROR(__xludf.DUMMYFUNCTION("""COMPUTED_VALUE"""),1.0) -> 1 | K28: =IFERROR(__xludf.DUMMYFUNCTION("""COMPUTED_VALUE"""),0.0) -> 0 | L28: =IFERROR(__xludf.DUMMYFUNCTION("""COMPUTED_VALUE"""),1.0) -> 1
A29: Cluster 3 | B29: Ifugao | C29: =SUMIFS('LCP Tickets'!$AB:$AB, 'LCP Tickets'!$D:$D, UPPER($B29), 'LCP Tickets'!$AA:$AA, "<1") -> 0 | D29: =SUMIFS('LCP Tickets'!$AB:$AB, 'LCP Tickets'!$D:$D, UPPER($B29), 'LCP Tickets'!$AA:$AA, ">=1", 'LCP Tickets'!$AA:$AA, "<=3") -> 1 | E29: =SUMIFS('LCP Tickets'!$AB:$AB, 'LCP Tickets'!$D:$D, UPPER($B29), 'LCP Tickets'!$AA:$AA, ">3") -> 0 | F29: =SUM(C29:E29) -> 1 | G29: =IFERROR(__xludf.DUMMYFUNCTION("""COMPUTED_VALUE"""),"TOTAL") -> TOTAL | H29: =IFERROR(__xludf.DUMMYFUNCTION("""COMPUTED_VALUE"""),"") | I29: =IFERROR(__xludf.DUMMYFUNCTION("""COMPUTED_VALUE"""),30.0) -> 30 | J29: =IFERROR(__xludf.DUMMYFUNCTION("""COMPUTED_VALUE"""),2.0) -> 2 | K29: =IFERROR(__xludf.DUMMYFUNCTION("""COMPUTED_VALUE"""),3.0) -> 3 | L29: =IFERROR(__xludf.DUMMYFUNCTION("""COMPUTED_VALUE"""),35.0) -> 35
A30: Cluster 2 | B30: Ilocos_Norte | C30: =SUMIFS('LCP Tickets'!$AB:$AB, 'LCP Tickets'!$D:$D, UPPER($B30), 'LCP Tickets'!$AA:$AA, "<1") -> 5 | D30: =SUMIFS('LCP Tickets'!$AB:$AB, 'LCP Tickets'!$D:$D, UPPER($B30), 'LCP Tickets'!$AA:$AA, ">=1", 'LCP Tickets'!$AA:$AA, "<=3") -> 0 | E30: =SUMIFS('LCP Tickets'!$AB:$AB, 'LCP Tickets'!$D:$D, UPPER($B30), 'LCP Tickets'!$AA:$AA, ">3") -> 0 | F30: =SUM(C30:E30) -> 5
A31: Cluster 2 | B31: Ilocos_Sur | C31: =SUMIFS('LCP Tickets'!$AB:$AB, 'LCP Tickets'!$D:$D, UPPER($B31), 'LCP Tickets'!$AA:$AA, "<1") -> 0 | D31: =SUMIFS('LCP Tickets'!$AB:$AB, 'LCP Tickets'!$D:$D, UPPER($B31), 'LCP Tickets'!$AA:$AA, ">=1", 'LCP Tickets'!$AA:$AA, "<=3") -> 0 | E31: =SUMIFS('LCP Tickets'!$AB:$AB, 'LCP Tickets'!$D:$D, UPPER($B31), 'LCP Tickets'!$AA:$AA, ">3") -> 0 | F31: =SUM(C31:E31) -> 0
A32: Cluster 3 | B32: Isabela | C32: =SUMIFS('LCP Tickets'!$AB:$AB, 'LCP Tickets'!$D:$D, UPPER($B32), 'LCP Tickets'!$AA:$AA, "<1") -> 0 | D32: =SUMIFS('LCP Tickets'!$AB:$AB, 'LCP Tickets'!$D:$D, UPPER($B32), 'LCP Tickets'!$AA:$AA, ">=1", 'LCP Tickets'!$AA:$AA, "<=3") -> 0 | E32: =SUMIFS('LCP Tickets'!$AB:$AB, 'LCP Tickets'!$D:$D, UPPER($B32), 'LCP Tickets'!$AA:$AA, ">3") -> 0 | F32: =SUM(C32:E32) -> 0
A33: Cluster 3 | B33: Kalinga | C33: =SUMIFS('LCP Tickets'!$AB:$AB, 'LCP Tickets'!$D:$D, UPPER($B33), 'LCP Tickets'!$AA:$AA, "<1") -> 0 | D33: =SUMIFS('LCP Tickets'!$AB:$AB, 'LCP Tickets'!$D:$D, UPPER($B33), 'LCP Tickets'!$AA:$AA, ">=1", 'LCP Tickets'!$AA:$AA, "<=3") -> 0 | E33: =SUMIFS('LCP Tickets'!$AB:$AB, 'LCP Tickets'!$D:$D, UPPER($B33), 'LCP Tickets'!$AA:$AA, ">3") -> 0 | F33: =SUM(C33:E33) -> 0
A34: Cluster 2 | B34: La_Union | C34: =SUMIFS('LCP Tickets'!$AB:$AB, 'LCP Tickets'!$D:$D, UPPER($B34), 'LCP Tickets'!$AA:$AA, "<1") -> 0 | D34: =SUMIFS('LCP Tickets'!$AB:$AB, 'LCP Tickets'!$D:$D, UPPER($B34), 'LCP Tickets'!$AA:$AA, ">=1", 'LCP Tickets'!$AA:$AA, "<=3") -> 0 | E34: =SUMIFS('LCP Tickets'!$AB:$AB, 'LCP Tickets'!$D:$D, UPPER($B34), 'LCP Tickets'!$AA:$AA, ">3") -> 0 | F34: =SUM(C34:E34) -> 0
A35: Cluster 2 | B35: Mt_Province | C35: =SUMIFS('LCP Tickets'!$AB:$AB, 'LCP Tickets'!$D:$D, UPPER($B35), 'LCP Tickets'!$AA:$AA, "<1") -> 0 | D35: =SUMIFS('LCP Tickets'!$AB:$AB, 'LCP Tickets'!$D:$D, UPPER($B35), 'LCP Tickets'!$AA:$AA, ">=1", 'LCP Tickets'!$AA:$AA, "<=3") -> 0 | E35: =SUMIFS('LCP Tickets'!$AB:$AB, 'LCP Tickets'!$D:$D, UPPER($B35), 'LCP Tickets'!$AA:$AA, ">3") -> 0 | F35: =SUM(C35:E35) -> 0
A36: Cluster 3 | B36: Nueva_Ecija | C36: =SUMIFS('LCP Tickets'!$AB:$AB, 'LCP Tickets'!$D:$D, UPPER($B36), 'LCP Tickets'!$AA:$AA, "<1") -> 0 | D36: =SUMIFS('LCP Tickets'!$AB:$AB, 'LCP Tickets'!$D:$D, UPPER($B36), 'LCP Tickets'!$AA:$AA, ">=1", 'LCP Tickets'!$AA:$AA, "<=3") -> 0 | E36: =SUMIFS('LCP Tickets'!$AB:$AB, 'LCP Tickets'!$D:$D, UPPER($B36), 'LCP Tickets'!$AA:$AA, ">3") -> 0 | F36: =SUM(C36:E36) -> 0
A37: Cluster 3 | B37: Nueva_Vizcaya | C37: =SUMIFS('LCP Tickets'!$AB:$AB, 'LCP Tickets'!$D:$D, UPPER($B37), 'LCP Tickets'!$AA:$AA, "<1") -> 12 | D37: =SUMIFS('LCP Tickets'!$AB:$AB, 'LCP Tickets'!$D:$D, UPPER($B37), 'LCP Tickets'!$AA:$AA, ">=1", 'LCP Tickets'!$AA:$AA, "<=3") -> 0 | E37: =SUMIFS('LCP Tickets'!$AB:$AB, 'LCP Tickets'!$D:$D, UPPER($B37), 'LCP Tickets'!$AA:$AA, ">3") -> 0 | F37: =SUM(C37:E37) -> 12
A38: Cluster 1 | B38: Pangasinan | C38: =SUMIFS('LCP Tickets'!$AB:$AB, 'LCP Tickets'!$D:$D, UPPER($B38), 'LCP Tickets'!$AA:$AA, "<1") -> 12 | D38: =SUMIFS('LCP Tickets'!$AB:$AB, 'LCP Tickets'!$D:$D, UPPER($B38), 'LCP Tickets'!$AA:$AA, ">=1", 'LCP Tickets'!$AA:$AA, "<=3") -> 0 | E38: =SUMIFS('LCP Tickets'!$AB:$AB, 'LCP Tickets'!$D:$D, UPPER($B38), 'LCP Tickets'!$AA:$AA, ">3") -> 0 | F38: =SUM(C38:E38) -> 12
A39: Cluster 3 | B39: Quirino | C39: =SUMIFS('LCP Tickets'!$AB:$AB, 'LCP Tickets'!$D:$D, UPPER($B39), 'LCP Tickets'!$AA:$AA, "<1") -> 0 | D39: =SUMIFS('LCP Tickets'!$AB:$AB, 'LCP Tickets'!$D:$D, UPPER($B39), 'LCP Tickets'!$AA:$AA, ">=1", 'LCP Tickets'!$AA:$AA, "<=3") -> 0 | E39: =SUMIFS('LCP Tickets'!$AB:$AB, 'LCP Tickets'!$D:$D, UPPER($B39), 'LCP Tickets'!$AA:$AA, ">3") -> 0 | F39: =SUM(C39:E39) -> 0
B40: TOTAL | C40: =SUM(C24:C39) -> 30 | D40: =SUM(D24:D39) -> 2 | E40: =SUM(E24:E39) -> 3 | F40: =SUM(F24:F39) -> 35

Sheet NLZ OLT Report
E1: OLT STATUS | J1: TICKET NUMBER AND AGE | N1: CAUSE OF OUTAGE
A2: CLUSTER | B2: PROVINCE | C2: MUNICIPALITY | D2: OLT NAME | E2: UP | F2: DOWN | G2: OLT UPLINK LOW POWER | H2: OLT UPLINK DOWN | I2: OLT SERVICE DEGRADATION | J2: DOWN | K2: OLT UPLINK LOW POWER | L2: OLT UPLINK DOWN | M2: OLT SERVICE DEGRADATION | N2: FIBER | O2: POWER | P2: EQUIPMENT | Q2: TBD
B3: ABRA | C3: BANGUED | D3: BDA001-OLT-01 | E3: =NOT(OR(F3, G3, H3, I3)) -> TRUE | F3: =COUNTIFS('OLT DOWN Tickets'!$AB:$AB, "*" & D3 & "*", 'OLT DOWN Tickets'!$L:$L, "OLT DOWN") > 0 -> FALSE | G3: =COUNTIFS('OLT DOWN Tickets'!$AB:$AB, "*" & D3 & "*", 'OLT DOWN Tickets'!$L:$L, "OLT UPLINK LOW POWER") > 0 -> FALSE | H3: =COUNTIFS('OLT DOWN Tickets'!$AB:$AB, "*" & D3 & "*", 'OLT DOWN Tickets'!$L:$L, "OLT UPLINK DOWN") > 0 -> FALSE | I3: =COUNTIFS('OLT DOWN Tickets'!$AB:$AB, "*" & D3 & "*", 'OLT DOWN Tickets'!$L:$L, "OLT SERVICE DEGRADATION") > 0 -> FALSE | J3: =IFERROR(__xludf.DUMMYFUNCTION("IFERROR(INDEX(FILTER('OLT DOWN Tickets'!$F:$F, REGEXMATCH('OLT DOWN Tickets'!$AB:$AB, ""(?i)""&TRIM(D3)), 'OLT DOWN Tickets'!$L:$L=""OLT DOWN""), 1), """")"),"") | K3: =IFERROR(__xludf.DUMMYFUNCTION("IFERROR(INDEX(FILTER('OLT DOWN Tickets'!$F:$F, REGEXMATCH('OLT DOWN Tickets'!$AB:$AB, ""(?i)""&TRIM(D3)), 'OLT DOWN Tickets'!$L:$L=""OLT UPLINK LOW POWER""), 1), """")"),"") | L3: =IFERROR(__xludf.DUMMYFUNCTION("IFERROR(INDEX(FILTER('OLT DOWN Tickets'!$F:$F, REGEXMATCH('OLT DOWN Tickets'!$AB:$AB, ""(?i)""&TRIM(D3)), 'OLT DOWN Tickets'!$L:$L=""OLT UPLINK DOWN""), 1), """")"),"") | M3: =IFERROR(__xludf.DUMMYFUNCTION("IFERROR(INDEX(FILTER('OLT DOWN Tickets'!$F:$F, REGEXMATCH('OLT DOWN Tickets'!$AB:$AB, ""(?i)""&TRIM(D3)), 'OLT DOWN Tickets'!$L:$L=""OLT SERVICE DEGRADATION""), 1), """") "),"") | N3: FALSE | O3: FALSE | P3: FALSE | Q3: FALSE
B4: ABRA | C4: LAPAZ | D4: LPA001-OLT-01 | E4: =NOT(OR(F4, G4, H4, I4)) -> TRUE | F4: =COUNTIFS('OLT DOWN Tickets'!$AB:$AB, "*" & D4 & "*", 'OLT DOWN Tickets'!$L:$L, "OLT DOWN") > 0 -> FALSE | G4: =COUNTIFS('OLT DOWN Tickets'!$AB:$AB, "*" & D4 & "*", 'OLT DOWN Tickets'!$L:$L, "OLT UPLINK LOW POWER") > 0 -> FALSE | H4: =COUNTIFS('OLT DOWN Tickets'!$AB:$AB, "*" & D4 & "*", 'OLT DOWN Tickets'!$L:$L, "OLT UPLINK DOWN") > 0 -> FALSE | I4: =COUNTIFS('OLT DOWN Tickets'!$AB:$AB, "*" & D4 & "*", 'OLT DOWN Tickets'!$L:$L, "OLT SERVICE DEGRADATION") > 0 -> FALSE | J4: =IFERROR(__xludf.DUMMYFUNCTION("IFERROR(INDEX(FILTER('OLT DOWN Tickets'!$F:$F, REGEXMATCH('OLT DOWN Tickets'!$AB:$AB, ""(?i)""&TRIM(D4)), 'OLT DOWN Tickets'!$L:$L=""OLT DOWN""), 1), """")"),"") | K4: =IFERROR(__xludf.DUMMYFUNCTION("IFERROR(INDEX(FILTER('OLT DOWN Tickets'!$F:$F, REGEXMATCH('OLT DOWN Tickets'!$AB:$AB, ""(?i)""&TRIM(D4)), 'OLT DOWN Tickets'!$L:$L=""OLT UPLINK LOW POWER""), 1), """")"),"") | L4: =IFERROR(__xludf.DUMMYFUNCTION("IFERROR(INDEX(FILTER('OLT DOWN Tickets'!$F:$F, REGEXMATCH('OLT DOWN Tickets'!$AB:$AB, ""(?i)""&TRIM(D4)), 'OLT DOWN Tickets'!$L:$L=""OLT UPLINK DOWN""), 1), """")"),"") | M4: =IFERROR(__xludf.DUMMYFUNCTION("IFERROR(INDEX(FILTER('OLT DOWN Tickets'!$F:$F, REGEXMATCH('OLT DOWN Tickets'!$AB:$AB, ""(?i)""&TRIM(D4)), 'OLT DOWN Tickets'!$L:$L=""OLT SERVICE DEGRADATION""), 1), """") "),"") | N4: FALSE | O4: FALSE | P4: FALSE | Q4: FALSE
B5: ABRA | C5: PIDIGAN | D5: PNA001-OLT-01 | E5: =NOT(OR(F5, G5, H5, I5)) -> TRUE | F5: =COUNTIFS('OLT DOWN Tickets'!$AB:$AB, "*" & D5 & "*", 'OLT DOWN Tickets'!$L:$L, "OLT DOWN") > 0 -> FALSE | G5: =COUNTIFS('OLT DOWN Tickets'!$AB:$AB, "*" & D5 & "*", 'OLT DOWN Tickets'!$L:$L, "OLT UPLINK LOW POWER") > 0 -> FALSE | H5: =COUNTIFS('OLT DOWN Tickets'!$AB:$AB, "*" & D5 & "*", 'OLT DOWN Tickets'!$L:$L, "OLT UPLINK DOWN") > 0 -> FALSE | I5: =COUNTIFS('OLT DOWN Tickets'!$AB:$AB, "*" & D5 & "*", 'OLT DOWN Tickets'!$L:$L, "OLT SERVICE DEGRADATION") > 0 -> FALSE | J5: =IFERROR(__xludf.DUMMYFUNCTION("IFERROR(INDEX(FILTER('OLT DOWN Tickets'!$F:$F, REGEXMATCH('OLT DOWN Tickets'!$AB:$AB, ""(?i)""&TRIM(D5)), 'OLT DOWN Tickets'!$L:$L=""OLT DOWN""), 1), """")"),"") | K5: =IFERROR(__xludf.DUMMYFUNCTION("IFERROR(INDEX(FILTER('OLT DOWN Tickets'!$F:$F, REGEXMATCH('OLT DOWN Tickets'!$AB:$AB, ""(?i)""&TRIM(D5)), 'OLT DOWN Tickets'!$L:$L=""OLT UPLINK LOW POWER""), 1), """")"),"") | L5: =IFERROR(__xludf.DUMMYFUNCTION("IFERROR(INDEX(FILTER('OLT DOWN Tickets'!$F:$F, REGEXMATCH('OLT DOWN Tickets'!$AB:$AB, ""(?i)""&TRIM(D5)), 'OLT DOWN Tickets'!$L:$L=""OLT UPLINK DOWN""), 1), """")"),"") | M5: =IFERROR(__xludf.DUMMYFUNCTION("IFERROR(INDEX(FILTER('OLT DOWN Tickets'!$F:$F, REGEXMATCH('OLT DOWN Tickets'!$AB:$AB, ""(?i)""&TRIM(D5)), 'OLT DOWN Tickets'!$L:$L=""OLT SERVICE DEGRADATION""), 1), """") "),"") | N5: FALSE | O5: FALSE | P5: FALSE | Q5: FALSE
B6: APAYAO | C6: CONNER | D6: CRY001-OLT-01 | E6: =NOT(OR(F6, G6, H6, I6)) -> TRUE | F6: =COUNTIFS('OLT DOWN Tickets'!$AB:$AB, "*" & D6 & "*", 'OLT DOWN Tickets'!$L:$L, "OLT DOWN") > 0 -> FALSE | G6: =COUNTIFS('OLT DOWN Tickets'!$AB:$AB, "*" & D6 & "*", 'OLT DOWN Tickets'!$L:$L, "OLT UPLINK LOW POWER") > 0 -> FALSE | H6: =COUNTIFS('OLT DOWN Tickets'!$AB:$AB, "*" & D6 & "*", 'OLT DOWN Tickets'!$L:$L, "OLT UPLINK DOWN") > 0 -> FALSE | I6: =COUNTIFS('OLT DOWN Tickets'!$AB:$AB, "*" & D6 & "*", 'OLT DOWN Tickets'!$L:$L, "OLT SERVICE DEGRADATION") > 0 -> FALSE | J6: =IFERROR(__xludf.DUMMYFUNCTION("IFERROR(INDEX(FILTER('OLT DOWN Tickets'!$F:$F, REGEXMATCH('OLT DOWN Tickets'!$AB:$AB, ""(?i)""&TRIM(D6)), 'OLT DOWN Tickets'!$L:$L=""OLT DOWN""), 1), """")"),"") | K6: =IFERROR(__xludf.DUMMYFUNCTION("IFERROR(INDEX(FILTER('OLT DOWN Tickets'!$F:$F, REGEXMATCH('OLT DOWN Tickets'!$AB:$AB, ""(?i)""&TRIM(D6)), 'OLT DOWN Tickets'!$L:$L=""OLT UPLINK LOW POWER""), 1), """")"),"") | L6: =IFERROR(__xludf.DUMMYFUNCTION("IFERROR(INDEX(FILTER('OLT DOWN Tickets'!$F:$F, REGEXMATCH('OLT DOWN Tickets'!$AB:$AB, ""(?i)""&TRIM(D6)), 'OLT DOWN Tickets'!$L:$L=""OLT UPLINK DOWN""), 1), """")"),"") | M6: =IFERROR(__xludf.DUMMYFUNCTION("IFERROR(INDEX(FILTER('OLT DOWN Tickets'!$F:$F, REGEXMATCH('OLT DOWN Tickets'!$AB:$AB, ""(?i)""&TRIM(D6)), 'OLT DOWN Tickets'!$L:$L=""OLT SERVICE DEGRADATION""), 1), """") "),"") | N6: FALSE | O6: FALSE | P6: FALSE | Q6: FALSE
B7: APAYAO | C7: FLORA | D7: FAY001-OLT-01 | E7: =NOT(OR(F7, G7, H7, I7)) -> TRUE | F7: =COUNTIFS('OLT DOWN Tickets'!$AB:$AB, "*" & D7 & "*", 'OLT DOWN Tickets'!$L:$L, "OLT DOWN") > 0 -> FALSE | G7: =COUNTIFS('OLT DOWN Tickets'!$AB:$AB, "*" & D7 & "*", 'OLT DOWN Tickets'!$L:$L, "OLT UPLINK LOW POWER") > 0 -> FALSE | H7: =COUNTIFS('OLT DOWN Tickets'!$AB:$AB, "*" & D7 & "*", 'OLT DOWN Tickets'!$L:$L, "OLT UPLINK DOWN") > 0 -> FALSE | I7: =COUNTIFS('OLT DOWN Tickets'!$AB:$AB, "*" & D7 & "*", 'OLT DOWN Tickets'!$L:$L, "OLT SERVICE DEGRADATION") > 0 -> FALSE | J7: =IFERROR(__xludf.DUMMYFUNCTION("IFERROR(INDEX(FILTER('OLT DOWN Tickets'!$F:$F, REGEXMATCH('OLT DOWN Tickets'!$AB:$AB, ""(?i)""&TRIM(D7)), 'OLT DOWN Tickets'!$L:$L=""OLT DOWN""), 1), """")"),"") | K7: =IFERROR(__xludf.DUMMYFUNCTION("IFERROR(INDEX(FILTER('OLT DOWN Tickets'!$F:$F, REGEXMATCH('OLT DOWN Tickets'!$AB:$AB, ""(?i)""&TRIM(D7)), 'OLT DOWN Tickets'!$L:$L=""OLT UPLINK LOW POWER""), 1), """")"),"") | L7: =IFERROR(__xludf.DUMMYFUNCTION("IFERROR(INDEX(FILTER('OLT DOWN Tickets'!$F:$F, REGEXMATCH('OLT DOWN Tickets'!$AB:$AB, ""(?i)""&TRIM(D7)), 'OLT DOWN Tickets'!$L:$L=""OLT UPLINK DOWN""), 1), """")"),"") | M7: =IFERROR(__xludf.DUMMYFUNCTION("IFERROR(INDEX(FILTER('OLT DOWN Tickets'!$F:$F, REGEXMATCH('OLT DOWN Tickets'!$AB:$AB, ""(?i)""&TRIM(D7)), 'OLT DOWN Tickets'!$L:$L=""OLT SERVICE DEGRADATION""), 1), """") "),"") | N7: FALSE | O7: FALSE | P7: FALSE | Q7: FALSE
B8: APAYAO | C8: LUNA | D8: LAY001-OLT-01 | E8: =NOT(OR(F8, G8, H8, I8)) -> TRUE | F8: =COUNTIFS('OLT DOWN Tickets'!$AB:$AB, "*" & D8 & "*", 'OLT DOWN Tickets'!$L:$L, "OLT DOWN") > 0 -> FALSE | G8: =COUNTIFS('OLT DOWN Tickets'!$AB:$AB, "*" & D8 & "*", 'OLT DOWN Tickets'!$L:$L, "OLT UPLINK LOW POWER") > 0 -> FALSE | H8: =COUNTIFS('OLT DOWN Tickets'!$AB:$AB, "*" & D8 & "*", 'OLT DOWN Tickets'!$L:$L, "OLT UPLINK DOWN") > 0 -> FALSE | I8: =COUNTIFS('OLT DOWN Tickets'!$AB:$AB, "*" & D8 & "*", 'OLT DOWN Tickets'!$L:$L, "OLT SERVICE DEGRADATION") > 0 -> FALSE | J8: =IFERROR(__xludf.DUMMYFUNCTION("IFERROR(INDEX(FILTER('OLT DOWN Tickets'!$F:$F, REGEXMATCH('OLT DOWN Tickets'!$AB:$AB, ""(?i)""&TRIM(D8)), 'OLT DOWN Tickets'!$L:$L=""OLT DOWN""), 1), """")"),"") | K8: =IFERROR(__xludf.DUMMYFUNCTION("IFERROR(INDEX(FILTER('OLT DOWN Tickets'!$F:$F, REGEXMATCH('OLT DOWN Tickets'!$AB:$AB, ""(?i)""&TRIM(D8)), 'OLT DOWN Tickets'!$L:$L=""OLT UPLINK LOW POWER""), 1), """")"),"") | L8: =IFERROR(__xludf.DUMMYFUNCTION("IFERROR(INDEX(FILTER('OLT DOWN Tickets'!$F:$F, REGEXMATCH('OLT DOWN Tickets'!$AB:$AB, ""(?i)""&TRIM(D8)), 'OLT DOWN Tickets'!$L:$L=""OLT UPLINK DOWN""), 1), """")"),"") | M8: =IFERROR(__xludf.DUMMYFUNCTION("IFERROR(INDEX(FILTER('OLT DOWN Tickets'!$F:$F, REGEXMATCH('OLT DOWN Tickets'!$AB:$AB, ""(?i)""&TRIM(D8)), 'OLT DOWN Tickets'!$L:$L=""OLT SERVICE DEGRADATION""), 1), """") "),"") | N8: FALSE | O8: FALSE | P8: FALSE | Q8: FALSE
B9: APAYAO | C9: PUDTOL | D9: PLY001-OLT-01 | E9: =NOT(OR(F9, G9, H9, I9)) -> TRUE | F9: =COUNTIFS('OLT DOWN Tickets'!$AB:$AB, "*" & D9 & "*", 'OLT DOWN Tickets'!$L:$L, "OLT DOWN") > 0 -> FALSE | G9: =COUNTIFS('OLT DOWN Tickets'!$AB:$AB, "*" & D9 & "*", 'OLT DOWN Tickets'!$L:$L, "OLT UPLINK LOW POWER") > 0 -> FALSE | H9: =COUNTIFS('OLT DOWN Tickets'!$AB:$AB, "*" & D9 & "*", 'OLT DOWN Tickets'!$L:$L, "OLT UPLINK DOWN") > 0 -> FALSE | I9: =COUNTIFS('OLT DOWN Tickets'!$AB:$AB, "*" & D9 & "*", 'OLT DOWN Tickets'!$L:$L, "OLT SERVICE DEGRADATION") > 0 -> FALSE | J9: =IFERROR(__xludf.DUMMYFUNCTION("IFERROR(INDEX(FILTER('OLT DOWN Tickets'!$F:$F, REGEXMATCH('OLT DOWN Tickets'!$AB:$AB, ""(?i)""&TRIM(D9)), 'OLT DOWN Tickets'!$L:$L=""OLT DOWN""), 1), """")"),"") | K9: =IFERROR(__xludf.DUMMYFUNCTION("IFERROR(INDEX(FILTER('OLT DOWN Tickets'!$F:$F, REGEXMATCH('OLT DOWN Tickets'!$AB:$AB, ""(?i)""&TRIM(D9)), 'OLT DOWN Tickets'!$L:$L=""OLT UPLINK LOW POWER""), 1), """")"),"") | L9: =IFERROR(__xludf.DUMMYFUNCTION("IFERROR(INDEX(FILTER('OLT DOWN Tickets'!$F:$F, REGEXMATCH('OLT DOWN Tickets'!$AB:$AB, ""(?i)""&TRIM(D9)), 'OLT DOWN Tickets'!$L:$L=""OLT UPLINK DOWN""), 1), """")"),"") | M9: =IFERROR(__xludf.DUMMYFUNCTION("IFERROR(INDEX(FILTER('OLT DOWN Tickets'!$F:$F, REGEXMATCH('OLT DOWN Tickets'!$AB:$AB, ""(?i)""&TRIM(D9)), 'OLT DOWN Tickets'!$L:$L=""OLT SERVICE DEGRADATION""), 1), """") "),"") | N9: FALSE | O9: FALSE | P9: FALSE | Q9: FALSE
B10: APAYAO | C10: SANTA MARCELA | D10: SMY001-OLT-01 | E10: =NOT(OR(F10, G10, H10, I10)) -> TRUE | F10: =COUNTIFS('OLT DOWN Tickets'!$AB:$AB, "*" & D10 & "*", 'OLT DOWN Tickets'!$L:$L, "OLT DOWN") > 0 -> FALSE | G10: =COUNTIFS('OLT DOWN Tickets'!$AB:$AB, "*" & D10 & "*", 'OLT DOWN Tickets'!$L:$L, "OLT UPLINK LOW POWER") > 0 -> FALSE | H10: =COUNTIFS('OLT DOWN Tickets'!$AB:$AB, "*" & D10 & "*", 'OLT DOWN Tickets'!$L:$L, "OLT UPLINK DOWN") > 0 -> FALSE | I10: =COUNTIFS('OLT DOWN Tickets'!$AB:$AB, "*" & D10 & "*", 'OLT DOWN Tickets'!$L:$L, "OLT SERVICE DEGRADATION") > 0 -> FALSE | J10: =IFERROR(__xludf.DUMMYFUNCTION("IFERROR(INDEX(FILTER('OLT DOWN Tickets'!$F:$F, REGEXMATCH('OLT DOWN Tickets'!$AB:$AB, ""(?i)""&TRIM(D10)), 'OLT DOWN Tickets'!$L:$L=""OLT DOWN""), 1), """")"),"") | K10: =IFERROR(__xludf.DUMMYFUNCTION("IFERROR(INDEX(FILTER('OLT DOWN Tickets'!$F:$F, REGEXMATCH('OLT DOWN Tickets'!$AB:$AB, ""(?i)""&TRIM(D10)), 'OLT DOWN Tickets'!$L:$L=""OLT UPLINK LOW POWER""), 1), """")"),"") | L10: =IFERROR(__xludf.DUMMYFUNCTION("IFERROR(INDEX(FILTER('OLT DOWN Tickets'!$F:$F, REGEXMATCH('OLT DOWN Tickets'!$AB:$AB, ""(?i)""&TRIM(D10)), 'OLT DOWN Tickets'!$L:$L=""OLT UPLINK DOWN""), 1), """")"),"") | M10: =IFERROR(__xludf.DUMMYFUNCTION("IFERROR(INDEX(FILTER('OLT DOWN Tickets'!$F:$F, REGEXMATCH('OLT DOWN Tickets'!$AB:$AB, ""(?i)""&TRIM(D10)), 'OLT DOWN Tickets'!$L:$L=""OLT SERVICE DEGRADATION""), 1), """") "),"") | N10: FALSE | O10: FALSE | P10: FALSE | Q10: FALSE
B11: AURORA | C11: BALER | D11: BLA001-OLT-01 | E11: =NOT(OR(F11, G11, H11, I11)) -> TRUE | F11: =COUNTIFS('OLT DOWN Tickets'!$AB:$AB, "*" & D11 & "*", 'OLT DOWN Tickets'!$L:$L, "OLT DOWN") > 0 -> FALSE | G11: =COUNTIFS('OLT DOWN Tickets'!$AB:$AB, "*" & D11 & "*", 'OLT DOWN Tickets'!$L:$L, "OLT UPLINK LOW POWER") > 0 -> FALSE | H11: =COUNTIFS('OLT DOWN Tickets'!$AB:$AB, "*" & D11 & "*", 'OLT DOWN Tickets'!$L:$L, "OLT UPLINK DOWN") > 0 -> FALSE | I11: =COUNTIFS('OLT DOWN Tickets'!$AB:$AB, "*" & D11 & "*", 'OLT DOWN Tickets'!$L:$L, "OLT SERVICE DEGRADATION") > 0 -> FALSE | J11: =IFERROR(__xludf.DUMMYFUNCTION("IFERROR(INDEX(FILTER('OLT DOWN Tickets'!$F:$F, REGEXMATCH('OLT DOWN Tickets'!$AB:$AB, ""(?i)""&TRIM(D11)), 'OLT DOWN Tickets'!$L:$L=""OLT DOWN""), 1), """")"),"") | K11: =IFERROR(__xludf.DUMMYFUNCTION("IFERROR(INDEX(FILTER('OLT DOWN Tickets'!$F:$F, REGEXMATCH('OLT DOWN Tickets'!$AB:$AB, ""(?i)""&TRIM(D11)), 'OLT DOWN Tickets'!$L:$L=""OLT UPLINK LOW POWER""), 1), """")"),"") | L11: =IFERROR(__xludf.DUMMYFUNCTION("IFERROR(INDEX(FILTER('OLT DOWN Tickets'!$F:$F, REGEXMATCH('OLT DOWN Tickets'!$AB:$AB, ""(?i)""&TRIM(D11)), 'OLT DOWN Tickets'!$L:$L=""OLT UPLINK DOWN""), 1), """")"),"") | M11: =IFERROR(__xludf.DUMMYFUNCTION("IFERROR(INDEX(FILTER('OLT DOWN Tickets'!$F:$F, REGEXMATCH('OLT DOWN Tickets'!$AB:$AB, ""(?i)""&TRIM(D11)), 'OLT DOWN Tickets'!$L:$L=""OLT SERVICE DEGRADATION""), 1), """") "),"") | N11: FALSE | O11: FALSE | P11: FALSE | Q11: FALSE
B12: AURORA | C12: CASIGURAN | D12: CSA002-OLT-01 | E12: =NOT(OR(F12, G12, H12, I12)) -> TRUE | F12: =COUNTIFS('OLT DOWN Tickets'!$AB:$AB, "*" & D12 & "*", 'OLT DOWN Tickets'!$L:$L, "OLT DOWN") > 0 -> FALSE | G12: =COUNTIFS('OLT DOWN Tickets'!$AB:$AB, "*" & D12 & "*", 'OLT DOWN Tickets'!$L:$L, "OLT UPLINK LOW POWER") > 0 -> FALSE | H12: =COUNTIFS('OLT DOWN Tickets'!$AB:$AB, "*" & D12 & "*", 'OLT DOWN Tickets'!$L:$L, "OLT UPLINK DOWN") > 0 -> FALSE | I12: =COUNTIFS('OLT DOWN Tickets'!$AB:$AB, "*" & D12 & "*", 'OLT DOWN Tickets'!$L:$L, "OLT SERVICE DEGRADATION") > 0 -> FALSE | J12: =IFERROR(__xludf.DUMMYFUNCTION("IFERROR(INDEX(FILTER('OLT DOWN Tickets'!$F:$F, REGEXMATCH('OLT DOWN Tickets'!$AB:$AB, ""(?i)""&TRIM(D12)), 'OLT DOWN Tickets'!$L:$L=""OLT DOWN""), 1), """")"),"") | K12: =IFERROR(__xludf.DUMMYFUNCTION("IFERROR(INDEX(FILTER('OLT DOWN Tickets'!$F:$F, REGEXMATCH('OLT DOWN Tickets'!$AB:$AB, ""(?i)""&TRIM(D12)), 'OLT DOWN Tickets'!$L:$L=""OLT UPLINK LOW POWER""), 1), """")"),"") | L12: =IFERROR(__xludf.DUMMYFUNCTION("IFERROR(INDEX(FILTER('OLT DOWN Tickets'!$F:$F, REGEXMATCH('OLT DOWN Tickets'!$AB:$AB, ""(?i)""&TRIM(D12)), 'OLT DOWN Tickets'!$L:$L=""OLT UPLINK DOWN""), 1), """")"),"") | M12: =IFERROR(__xludf.DUMMYFUNCTION("IFERROR(INDEX(FILTER('OLT DOWN Tickets'!$F:$F, REGEXMATCH('OLT DOWN Tickets'!$AB:$AB, ""(?i)""&TRIM(D12)), 'OLT DOWN Tickets'!$L:$L=""OLT SERVICE DEGRADATION""), 1), """") "),"") | N12: FALSE | O12: FALSE | P12: FALSE | Q12: FALSE
B13: AURORA | C13: CASIGURAN | D13: CSA001-OLT-01 | E13: =NOT(OR(F13, G13, H13, I13)) -> TRUE | F13: =COUNTIFS('OLT DOWN Tickets'!$AB:$AB, "*" & D13 & "*", 'OLT DOWN Tickets'!$L:$L, "OLT DOWN") > 0 -> FALSE | G13: =COUNTIFS('OLT DOWN Tickets'!$AB:$AB, "*" & D13 & "*", 'OLT DOWN Tickets'!$L:$L, "OLT UPLINK LOW POWER") > 0 -> FALSE | H13: =COUNTIFS('OLT DOWN Tickets'!$AB:$AB, "*" & D13 & "*", 'OLT DOWN Tickets'!$L:$L, "OLT UPLINK DOWN") > 0 -> FALSE | I13: =COUNTIFS('OLT DOWN Tickets'!$AB:$AB, "*" & D13 & "*", 'OLT DOWN Tickets'!$L:$L, "OLT SERVICE DEGRADATION") > 0 -> FALSE | J13: =IFERROR(__xludf.DUMMYFUNCTION("IFERROR(INDEX(FILTER('OLT DOWN Tickets'!$F:$F, REGEXMATCH('OLT DOWN Tickets'!$AB:$AB, ""(?i)""&TRIM(D13)), 'OLT DOWN Tickets'!$L:$L=""OLT DOWN""), 1), """")"),"") | K13: =IFERROR(__xludf.DUMMYFUNCTION("IFERROR(INDEX(FILTER('OLT DOWN Tickets'!$F:$F, REGEXMATCH('OLT DOWN Tickets'!$AB:$AB, ""(?i)""&TRIM(D13)), 'OLT DOWN Tickets'!$L:$L=""OLT UPLINK LOW POWER""), 1), """")"),"") | L13: =IFERROR(__xludf.DUMMYFUNCTION("IFERROR(INDEX(FILTER('OLT DOWN Tickets'!$F:$F, REGEXMATCH('OLT DOWN Tickets'!$AB:$AB, ""(?i)""&TRIM(D13)), 'OLT DOWN Tickets'!$L:$L=""OLT UPLINK DOWN""), 1), """")"),"") | M13: =IFERROR(__xludf.DUMMYFUNCTION("IFERROR(INDEX(FILTER('OLT DOWN Tickets'!$F:$F, REGEXMATCH('OLT DOWN Tickets'!$AB:$AB, ""(?i)""&TRIM(D13)), 'OLT DOWN Tickets'!$L:$L=""OLT SERVICE DEGRADATION""), 1), """") "),"") | N13: FALSE | O13: FALSE | P13: FALSE | Q13: FALSE
B14: AURORA | C14: DILASAG | D14: DLA001-OLT-01 | E14: =NOT(OR(F14, G14, H14, I14)) -> TRUE | F14: =COUNTIFS('OLT DOWN Tickets'!$AB:$AB, "*" & D14 & "*", 'OLT DOWN Tickets'!$L:$L, "OLT DOWN") > 0 -> FALSE | G14: =COUNTIFS('OLT DOWN Tickets'!$AB:$AB, "*" & D14 & "*", 'OLT DOWN Tickets'!$L:$L, "OLT UPLINK LOW POWER") > 0 -> FALSE | H14: =COUNTIFS('OLT DOWN Tickets'!$AB:$AB, "*" & D14 & "*", 'OLT DOWN Tickets'!$L:$L, "OLT UPLINK DOWN") > 0 -> FALSE | I14: =COUNTIFS('OLT DOWN Tickets'!$AB:$AB, "*" & D14 & "*", 'OLT DOWN Tickets'!$L:$L, "OLT SERVICE DEGRADATION") > 0 -> FALSE | J14: =IFERROR(__xludf.DUMMYFUNCTION("IFERROR(INDEX(FILTER('OLT DOWN Tickets'!$F:$F, REGEXMATCH('OLT DOWN Tickets'!$AB:$AB, ""(?i)""&TRIM(D14)), 'OLT DOWN Tickets'!$L:$L=""OLT DOWN""), 1), """")"),"") | K14: =IFERROR(__xludf.DUMMYFUNCTION("IFERROR(INDEX(FILTER('OLT DOWN Tickets'!$F:$F, REGEXMATCH('OLT DOWN Tickets'!$AB:$AB, ""(?i)""&TRIM(D14)), 'OLT DOWN Tickets'!$L:$L=""OLT UPLINK LOW POWER""), 1), """")"),"") | L14: =IFERROR(__xludf.DUMMYFUNCTION("IFERROR(INDEX(FILTER('OLT DOWN Tickets'!$F:$F, REGEXMATCH('OLT DOWN Tickets'!$AB:$AB, ""(?i)""&TRIM(D14)), 'OLT DOWN Tickets'!$L:$L=""OLT UPLINK DOWN""), 1), """")"),"") | M14: =IFERROR(__xludf.DUMMYFUNCTION("IFERROR(INDEX(FILTER('OLT DOWN Tickets'!$F:$F, REGEXMATCH('OLT DOWN Tickets'!$AB:$AB, ""(?i)""&TRIM(D14)), 'OLT DOWN Tickets'!$L:$L=""OLT SERVICE DEGRADATION""), 1), """") "),"") | N14: FALSE | O14: FALSE | P14: FALSE | Q14: FALSE
B15: AURORA | C15: DINALUNGAN | D15: DNA001-OLT-01 | E15: =NOT(OR(F15, G15, H15, I15)) -> TRUE | F15: =COUNTIFS('OLT DOWN Tickets'!$AB:$AB, "*" & D15 & "*", 'OLT DOWN Tickets'!$L:$L, "OLT DOWN") > 0 -> FALSE | G15: =COUNTIFS('OLT DOWN Tickets'!$AB:$AB, "*" & D15 & "*", 'OLT DOWN Tickets'!$L:$L, "OLT UPLINK LOW POWER") > 0 -> FALSE | H15: =COUNTIFS('OLT DOWN Tickets'!$AB:$AB, "*" & D15 & "*", 'OLT DOWN Tickets'!$L:$L, "OLT UPLINK DOWN") > 0 -> FALSE | I15: =COUNTIFS('OLT DOWN Tickets'!$AB:$AB, "*" & D15 & "*", 'OLT DOWN Tickets'!$L:$L, "OLT SERVICE DEGRADATION") > 0 -> FALSE | J15: =IFERROR(__xludf.DUMMYFUNCTION("IFERROR(INDEX(FILTER('OLT DOWN Tickets'!$F:$F, REGEXMATCH('OLT DOWN Tickets'!$AB:$AB, ""(?i)""&TRIM(D15)), 'OLT DOWN Tickets'!$L:$L=""OLT DOWN""), 1), """")"),"") | K15: =IFERROR(__xludf.DUMMYFUNCTION("IFERROR(INDEX(FILTER('OLT DOWN Tickets'!$F:$F, REGEXMATCH('OLT DOWN Tickets'!$AB:$AB, ""(?i)""&TRIM(D15)), 'OLT DOWN Tickets'!$L:$L=""OLT UPLINK LOW POWER""), 1), """")"),"") | L15: =IFERROR(__xludf.DUMMYFUNCTION("IFERROR(INDEX(FILTER('OLT DOWN Tickets'!$F:$F, REGEXMATCH('OLT DOWN Tickets'!$AB:$AB, ""(?i)""&TRIM(D15)), 'OLT DOWN Tickets'!$L:$L=""OLT UPLINK DOWN""), 1), """")"),"") | M15: =IFERROR(__xludf.DUMMYFUNCTION("IFERROR(INDEX(FILTER('OLT DOWN Tickets'!$F:$F, REGEXMATCH('OLT DOWN Tickets'!$AB:$AB, ""(?i)""&TRIM(D15)), 'OLT DOWN Tickets'!$L:$L=""OLT SERVICE DEGRADATION""), 1), """") "),"") | N15: FALSE | O15: FALSE | P15: FALSE | Q15: FALSE
B16: AURORA | C16: DINGALAN | D16: DGA001-OLT- 01 | E16: =NOT(OR(F16, G16, H16, I16)) -> TRUE | F16: =COUNTIFS('OLT DOWN Tickets'!$AB:$AB, "*" & D16 & "*", 'OLT DOWN Tickets'!$L:$L, "OLT DOWN") > 0 -> FALSE | G16: =COUNTIFS('OLT DOWN Tickets'!$AB:$AB, "*" & D16 & "*", 'OLT DOWN Tickets'!$L:$L, "OLT UPLINK LOW POWER") > 0 -> FALSE | H16: =COUNTIFS('OLT DOWN Tickets'!$AB:$AB, "*" & D16 & "*", 'OLT DOWN Tickets'!$L:$L, "OLT UPLINK DOWN") > 0 -> FALSE | I16: =COUNTIFS('OLT DOWN Tickets'!$AB:$AB, "*" & D16 & "*", 'OLT DOWN Tickets'!$L:$L, "OLT SERVICE DEGRADATION") > 0 -> FALSE | J16: =IFERROR(__xludf.DUMMYFUNCTION("IFERROR(INDEX(FILTER('OLT DOWN Tickets'!$F:$F, REGEXMATCH('OLT DOWN Tickets'!$AB:$AB, ""(?i)""&TRIM(D16)), 'OLT DOWN Tickets'!$L:$L=""OLT DOWN""), 1), """")"),"") | K16: =IFERROR(__xludf.DUMMYFUNCTION("IFERROR(INDEX(FILTER('OLT DOWN Tickets'!$F:$F, REGEXMATCH('OLT DOWN Tickets'!$AB:$AB, ""(?i)""&TRIM(D16)), 'OLT DOWN Tickets'!$L:$L=""OLT UPLINK LOW POWER""), 1), """")"),"") | L16: =IFERROR(__xludf.DUMMYFUNCTION("IFERROR(INDEX(FILTER('OLT DOWN Tickets'!$F:$F, REGEXMATCH('OLT DOWN Tickets'!$AB:$AB, ""(?i)""&TRIM(D16)), 'OLT DOWN Tickets'!$L:$L=""OLT UPLINK DOWN""), 1), """")"),"") | M16: =IFERROR(__xludf.DUMMYFUNCTION("IFERROR(INDEX(FILTER('OLT DOWN Tickets'!$F:$F, REGEXMATCH('OLT DOWN Tickets'!$AB:$AB, ""(?i)""&TRIM(D16)), 'OLT DOWN Tickets'!$L:$L=""OLT SERVICE DEGRADATION""), 1), """") "),"") | N16: FALSE | O16: FALSE | P16: FALSE | Q16: FALSE
B17: AURORA | C17: DINGALAN | D17: DGA001-OLT-01 | E17: =NOT(OR(F17, G17, H17, I17)) -> TRUE | F17: =COUNTIFS('OLT DOWN Tickets'!$AB:$AB, "*" & D17 & "*", 'OLT DOWN Tickets'!$L:$L, "OLT DOWN") > 0 -> FALSE | G17: =COUNTIFS('OLT DOWN Tickets'!$AB:$AB, "*" & D17 & "*", 'OLT DOWN Tickets'!$L:$L, "OLT UPLINK LOW POWER") > 0 -> FALSE | H17: =COUNTIFS('OLT DOWN Tickets'!$AB:$AB, "*" & D17 & "*", 'OLT DOWN Tickets'!$L:$L, "OLT UPLINK DOWN") > 0 -> FALSE | I17: =COUNTIFS('OLT DOWN Tickets'!$AB:$AB, "*" & D17 & "*", 'OLT DOWN Tickets'!$L:$L, "OLT SERVICE DEGRADATION") > 0 -> FALSE | J17: =IFERROR(__xludf.DUMMYFUNCTION("IFERROR(INDEX(FILTER('OLT DOWN Tickets'!$F:$F, REGEXMATCH('OLT DOWN Tickets'!$AB:$AB, ""(?i)""&TRIM(D17)), 'OLT DOWN Tickets'!$L:$L=""OLT DOWN""), 1), """")"),"") | K17: =IFERROR(__xludf.DUMMYFUNCTION("IFERROR(INDEX(FILTER('OLT DOWN Tickets'!$F:$F, REGEXMATCH('OLT DOWN Tickets'!$AB:$AB, ""(?i)""&TRIM(D17)), 'OLT DOWN Tickets'!$L:$L=""OLT UPLINK LOW POWER""), 1), """")"),"") | L17: =IFERROR(__xludf.DUMMYFUNCTION("IFERROR(INDEX(FILTER('OLT DOWN Tickets'!$F:$F, REGEXMATCH('OLT DOWN Tickets'!$AB:$AB, ""(?i)""&TRIM(D17)), 'OLT DOWN Tickets'!$L:$L=""OLT UPLINK DOWN""), 1), """")"),"") | M17: =IFERROR(__xludf.DUMMYFUNCTION("IFERROR(INDEX(FILTER('OLT DOWN Tickets'!$F:$F, REGEXMATCH('OLT DOWN Tickets'!$AB:$AB, ""(?i)""&TRIM(D17)), 'OLT DOWN Tickets'!$L:$L=""OLT SERVICE DEGRADATION""), 1), """") "),"") | N17: FALSE | O17: FALSE | P17: FALSE | Q17: FALSE
B18: AURORA | C18: DIPACULAO | D18: DPA001-OLT-01 | E18: =NOT(OR(F18, G18, H18, I18)) -> TRUE | F18: =COUNTIFS('OLT DOWN Tickets'!$AB:$AB, "*" & D18 & "*", 'OLT DOWN Tickets'!$L:$L, "OLT DOWN") > 0 -> FALSE | G18: =COUNTIFS('OLT DOWN Tickets'!$AB:$AB, "*" & D18 & "*", 'OLT DOWN Tickets'!$L:$L, "OLT UPLINK LOW POWER") > 0 -> FALSE | H18: =COUNTIFS('OLT DOWN Tickets'!$AB:$AB, "*" & D18 & "*", 'OLT DOWN Tickets'!$L:$L, "OLT UPLINK DOWN") > 0 -> FALSE | I18: =COUNTIFS('OLT DOWN Tickets'!$AB:$AB, "*" & D18 & "*", 'OLT DOWN Tickets'!$L:$L, "OLT SERVICE DEGRADATION") > 0 -> FALSE | J18: =IFERROR(__xludf.DUMMYFUNCTION("IFERROR(INDEX(FILTER('OLT DOWN Tickets'!$F:$F, REGEXMATCH('OLT DOWN Tickets'!$AB:$AB, ""(?i)""&TRIM(D18)), 'OLT DOWN Tickets'!$L:$L=""OLT DOWN""), 1), """")"),"") | K18: =IFERROR(__xludf.DUMMYFUNCTION("IFERROR(INDEX(FILTER('OLT DOWN Tickets'!$F:$F, REGEXMATCH('OLT DOWN Tickets'!$AB:$AB, ""(?i)""&TRIM(D18)), 'OLT DOWN Tickets'!$L:$L=""OLT UPLINK LOW POWER""), 1), """")"),"") | L18: =IFERROR(__xludf.DUMMYFUNCTION("IFERROR(INDEX(FILTER('OLT DOWN Tickets'!$F:$F, REGEXMATCH('OLT DOWN Tickets'!$AB:$AB, ""(?i)""&TRIM(D18)), 'OLT DOWN Tickets'!$L:$L=""OLT UPLINK DOWN""), 1), """")"),"") | M18: =IFERROR(__xludf.DUMMYFUNCTION("IFERROR(INDEX(FILTER('OLT DOWN Tickets'!$F:$F, REGEXMATCH('OLT DOWN Tickets'!$AB:$AB, ""(?i)""&TRIM(D18)), 'OLT DOWN Tickets'!$L:$L=""OLT SERVICE DEGRADATION""), 1), """") "),"") | N18: FALSE | O18: FALSE | P18: FALSE | Q18: FALSE
B19: AURORA | C19: DIPACULAO | D19: DPA002-OLT-01 | E19: =NOT(OR(F19, G19, H19, I19)) -> TRUE | F19: =COUNTIFS('OLT DOWN Tickets'!$AB:$AB, "*" & D19 & "*", 'OLT DOWN Tickets'!$L:$L, "OLT DOWN") > 0 -> FALSE | G19: =COUNTIFS('OLT DOWN Tickets'!$AB:$AB, "*" & D19 & "*", 'OLT DOWN Tickets'!$L:$L, "OLT UPLINK LOW POWER") > 0 -> FALSE | H19: =COUNTIFS('OLT DOWN Tickets'!$AB:$AB, "*" & D19 & "*", 'OLT DOWN Tickets'!$L:$L, "OLT UPLINK DOWN") > 0 -> FALSE | I19: =COUNTIFS('OLT DOWN Tickets'!$AB:$AB, "*" & D19 & "*", 'OLT DOWN Tickets'!$L:$L, "OLT SERVICE DEGRADATION") > 0 -> FALSE | J19: =IFERROR(__xludf.DUMMYFUNCTION("IFERROR(INDEX(FILTER('OLT DOWN Tickets'!$F:$F, REGEXMATCH('OLT DOWN Tickets'!$AB:$AB, ""(?i)""&TRIM(D19)), 'OLT DOWN Tickets'!$L:$L=""OLT DOWN""), 1), """")"),"") | K19: =IFERROR(__xludf.DUMMYFUNCTION("IFERROR(INDEX(FILTER('OLT DOWN Tickets'!$F:$F, REGEXMATCH('OLT DOWN Tickets'!$AB:$AB, ""(?i)""&TRIM(D19)), 'OLT DOWN Tickets'!$L:$L=""OLT UPLINK LOW POWER""), 1), """")"),"") | L19: =IFERROR(__xludf.DUMMYFUNCTION("IFERROR(INDEX(FILTER('OLT DOWN Tickets'!$F:$F, REGEXMATCH('OLT DOWN Tickets'!$AB:$AB, ""(?i)""&TRIM(D19)), 'OLT DOWN Tickets'!$L:$L=""OLT UPLINK DOWN""), 1), """")"),"") | M19: =IFERROR(__xludf.DUMMYFUNCTION("IFERROR(INDEX(FILTER('OLT DOWN Tickets'!$F:$F, REGEXMATCH('OLT DOWN Tickets'!$AB:$AB, ""(?i)""&TRIM(D19)), 'OLT DOWN Tickets'!$L:$L=""OLT SERVICE DEGRADATION""), 1), """") "),"") | N19: FALSE | O19: FALSE | P19: FALSE | Q19: FALSE
B20: AURORA | C20: MARIA AURORA | D20: MAA001-OLT-01 | E20: =NOT(OR(F20, G20, H20, I20)) -> TRUE | F20: =COUNTIFS('OLT DOWN Tickets'!$AB:$AB, "*" & D20 & "*", 'OLT DOWN Tickets'!$L:$L, "OLT DOWN") > 0 -> FALSE | G20: =COUNTIFS('OLT DOWN Tickets'!$AB:$AB, "*" & D20 & "*", 'OLT DOWN Tickets'!$L:$L, "OLT UPLINK LOW POWER") > 0 -> FALSE | H20: =COUNTIFS('OLT DOWN Tickets'!$AB:$AB, "*" & D20 & "*", 'OLT DOWN Tickets'!$L:$L, "OLT UPLINK DOWN") > 0 -> FALSE | I20: =COUNTIFS('OLT DOWN Tickets'!$AB:$AB, "*" & D20 & "*", 'OLT DOWN Tickets'!$L:$L, "OLT SERVICE DEGRADATION") > 0 -> FALSE | J20: =IFERROR(__xludf.DUMMYFUNCTION("IFERROR(INDEX(FILTER('OLT DOWN Tickets'!$F:$F, REGEXMATCH('OLT DOWN Tickets'!$AB:$AB, ""(?i)""&TRIM(D20)), 'OLT DOWN Tickets'!$L:$L=""OLT DOWN""), 1), """")"),"") | K20: =IFERROR(__xludf.DUMMYFUNCTION("IFERROR(INDEX(FILTER('OLT DOWN Tickets'!$F:$F, REGEXMATCH('OLT DOWN Tickets'!$AB:$AB, ""(?i)""&TRIM(D20)), 'OLT DOWN Tickets'!$L:$L=""OLT UPLINK LOW POWER""), 1), """")"),"") | L20: =IFERROR(__xludf.DUMMYFUNCTION("IFERROR(INDEX(FILTER('OLT DOWN Tickets'!$F:$F, REGEXMATCH('OLT DOWN Tickets'!$AB:$AB, ""(?i)""&TRIM(D20)), 'OLT DOWN Tickets'!$L:$L=""OLT UPLINK DOWN""), 1), """")"),"") | M20: =IFERROR(__xludf.DUMMYFUNCTION("IFERROR(INDEX(FILTER('OLT DOWN Tickets'!$F:$F, REGEXMATCH('OLT DOWN Tickets'!$AB:$AB, ""(?i)""&TRIM(D20)), 'OLT DOWN Tickets'!$L:$L=""OLT SERVICE DEGRADATION""), 1), """") "),"") | N20: FALSE | O20: FALSE | P20: FALSE | Q20: FALSE
B21: AURORA | C21: SAN LUIS | D21: SLA001-OLT-01 | E21: =NOT(OR(F21, G21, H21, I21)) -> TRUE | F21: =COUNTIFS('OLT DOWN Tickets'!$AB:$AB, "*" & D21 & "*", 'OLT DOWN Tickets'!$L:$L, "OLT DOWN") > 0 -> FALSE | G21: =COUNTIFS('OLT DOWN Tickets'!$AB:$AB, "*" & D21 & "*", 'OLT DOWN Tickets'!$L:$L, "OLT UPLINK LOW POWER") > 0 -> FALSE | H21: =COUNTIFS('OLT DOWN Tickets'!$AB:$AB, "*" & D21 & "*", 'OLT DOWN Tickets'!$L:$L, "OLT UPLINK DOWN") > 0 -> FALSE | I21: =COUNTIFS('OLT DOWN Tickets'!$AB:$AB, "*" & D21 & "*", 'OLT DOWN Tickets'!$L:$L, "OLT SERVICE DEGRADATION") > 0 -> FALSE | J21: =IFERROR(__xludf.DUMMYFUNCTION("IFERROR(INDEX(FILTER('OLT DOWN Tickets'!$F:$F, REGEXMATCH('OLT DOWN Tickets'!$AB:$AB, ""(?i)""&TRIM(D21)), 'OLT DOWN Tickets'!$L:$L=""OLT DOWN""), 1), """")"),"") | K21: =IFERROR(__xludf.DUMMYFUNCTION("IFERROR(INDEX(FILTER('OLT DOWN Tickets'!$F:$F, REGEXMATCH('OLT DOWN Tickets'!$AB:$AB, ""(?i)""&TRIM(D21)), 'OLT DOWN Tickets'!$L:$L=""OLT UPLINK LOW POWER""), 1), """")"),"") | L21: =IFERROR(__xludf.DUMMYFUNCTION("IFERROR(INDEX(FILTER('OLT DOWN Tickets'!$F:$F, REGEXMATCH('OLT DOWN Tickets'!$AB:$AB, ""(?i)""&TRIM(D21)), 'OLT DOWN Tickets'!$L:$L=""OLT UPLINK DOWN""), 1), """")"),"") | M21: =IFERROR(__xludf.DUMMYFUNCTION("IFERROR(INDEX(FILTER('OLT DOWN Tickets'!$F:$F, REGEXMATCH('OLT DOWN Tickets'!$AB:$AB, ""(?i)""&TRIM(D21)), 'OLT DOWN Tickets'!$L:$L=""OLT SERVICE DEGRADATION""), 1), """") "),"") | N21: FALSE | O21: FALSE | P21: FALSE | Q21: FALSE
B22: AURORA | C22: SAN LUIS | D22: SLA001-OLT-02 | E22: =NOT(OR(F22, G22, H22, I22)) -> TRUE | F22: =COUNTIFS('OLT DOWN Tickets'!$AB:$AB, "*" & D22 & "*", 'OLT DOWN Tickets'!$L:$L, "OLT DOWN") > 0 -> FALSE | G22: =COUNTIFS('OLT DOWN Tickets'!$AB:$AB, "*" & D22 & "*", 'OLT DOWN Tickets'!$L:$L, "OLT UPLINK LOW POWER") > 0 -> FALSE | H22: =COUNTIFS('OLT DOWN Tickets'!$AB:$AB, "*" & D22 & "*", 'OLT DOWN Tickets'!$L:$L, "OLT UPLINK DOWN") > 0 -> FALSE | I22: =COUNTIFS('OLT DOWN Tickets'!$AB:$AB, "*" & D22 & "*", 'OLT DOWN Tickets'!$L:$L, "OLT SERVICE DEGRADATION") > 0 -> FALSE | J22: =IFERROR(__xludf.DUMMYFUNCTION("IFERROR(INDEX(FILTER('OLT DOWN Tickets'!$F:$F, REGEXMATCH('OLT DOWN Tickets'!$AB:$AB, ""(?i)""&TRIM(D22)), 'OLT DOWN Tickets'!$L:$L=""OLT DOWN""), 1), """")"),"") | K22: =IFERROR(__xludf.DUMMYFUNCTION("IFERROR(INDEX(FILTER('OLT DOWN Tickets'!$F:$F, REGEXMATCH('OLT DOWN Tickets'!$AB:$AB, ""(?i)""&TRIM(D22)), 'OLT DOWN Tickets'!$L:$L=""OLT UPLINK LOW POWER""), 1), """")"),"") | L22: =IFERROR(__xludf.DUMMYFUNCTION("IFERROR(INDEX(FILTER('OLT DOWN Tickets'!$F:$F, REGEXMATCH('OLT DOWN Tickets'!$AB:$AB, ""(?i)""&TRIM(D22)), 'OLT DOWN Tickets'!$L:$L=""OLT UPLINK DOWN""), 1), """")"),"") | M22: =IFERROR(__xludf.DUMMYFUNCTION("IFERROR(INDEX(FILTER('OLT DOWN Tickets'!$F:$F, REGEXMATCH('OLT DOWN Tickets'!$AB:$AB, ""(?i)""&TRIM(D22)), 'OLT DOWN Tickets'!$L:$L=""OLT SERVICE DEGRADATION""), 1), """") "),"") | N22: FALSE | O22: FALSE | P22: FALSE | Q22: FALSE
B23: BENGUET | C23: ATOK | D23: ATB001-OLT-01 | E23: =NOT(OR(F23, G23, H23, I23)) -> TRUE | F23: =COUNTIFS('OLT DOWN Tickets'!$AB:$AB, "*" & D23 & "*", 'OLT DOWN Tickets'!$L:$L, "OLT DOWN") > 0 -> FALSE | G23: =COUNTIFS('OLT DOWN Tickets'!$AB:$AB, "*" & D23 & "*", 'OLT DOWN Tickets'!$L:$L, "OLT UPLINK LOW POWER") > 0 -> FALSE | H23: =COUNTIFS('OLT DOWN Tickets'!$AB:$AB, "*" & D23 & "*", 'OLT DOWN Tickets'!$L:$L, "OLT UPLINK DOWN") > 0 -> FALSE | I23: =COUNTIFS('OLT DOWN Tickets'!$AB:$AB, "*" & D23 & "*", 'OLT DOWN Tickets'!$L:$L, "OLT SERVICE DEGRADATION") > 0 -> FALSE | J23: =IFERROR(__xludf.DUMMYFUNCTION("IFERROR(INDEX(FILTER('OLT DOWN Tickets'!$F:$F, REGEXMATCH('OLT DOWN Tickets'!$AB:$AB, ""(?i)""&TRIM(D23)), 'OLT DOWN Tickets'!$L:$L=""OLT DOWN""), 1), """")"),"") | K23: =IFERROR(__xludf.DUMMYFUNCTION("IFERROR(INDEX(FILTER('OLT DOWN Tickets'!$F:$F, REGEXMATCH('OLT DOWN Tickets'!$AB:$AB, ""(?i)""&TRIM(D23)), 'OLT DOWN Tickets'!$L:$L=""OLT UPLINK LOW POWER""), 1), """")"),"") | L23: =IFERROR(__xludf.DUMMYFUNCTION("IFERROR(INDEX(FILTER('OLT DOWN Tickets'!$F:$F, REGEXMATCH('OLT DOWN Tickets'!$AB:$AB, ""(?i)""&TRIM(D23)), 'OLT DOWN Tickets'!$L:$L=""OLT UPLINK DOWN""), 1), """")"),"") | M23: =IFERROR(__xludf.DUMMYFUNCTION("IFERROR(INDEX(FILTER('OLT DOWN Tickets'!$F:$F, REGEXMATCH('OLT DOWN Tickets'!$AB:$AB, ""(?i)""&TRIM(D23)), 'OLT DOWN Tickets'!$L:$L=""OLT SERVICE DEGRADATION""), 1), """") "),"") | N23: FALSE | O23: FALSE | P23: FALSE | Q23: FALSE
B24: BENGUET | C24: ATOK | D24: ATB002-OLT-01 | E24: =NOT(OR(F24, G24, H24, I24)) -> TRUE | F24: =COUNTIFS('OLT DOWN Tickets'!$AB:$AB, "*" & D24 & "*", 'OLT DOWN Tickets'!$L:$L, "OLT DOWN") > 0 -> FALSE | G24: =COUNTIFS('OLT DOWN Tickets'!$AB:$AB, "*" & D24 & "*", 'OLT DOWN Tickets'!$L:$L, "OLT UPLINK LOW POWER") > 0 -> FALSE | H24: =COUNTIFS('OLT DOWN Tickets'!$AB:$AB, "*" & D24 & "*", 'OLT DOWN Tickets'!$L:$L, "OLT UPLINK DOWN") > 0 -> FALSE | I24: =COUNTIFS('OLT DOWN Tickets'!$AB:$AB, "*" & D24 & "*", 'OLT DOWN Tickets'!$L:$L, "OLT SERVICE DEGRADATION") > 0 -> FALSE | J24: =IFERROR(__xludf.DUMMYFUNCTION("IFERROR(INDEX(FILTER('OLT DOWN Tickets'!$F:$F, REGEXMATCH('OLT DOWN Tickets'!$AB:$AB, ""(?i)""&TRIM(D24)), 'OLT DOWN Tickets'!$L:$L=""OLT DOWN""), 1), """")"),"") | K24: =IFERROR(__xludf.DUMMYFUNCTION("IFERROR(INDEX(FILTER('OLT DOWN Tickets'!$F:$F, REGEXMATCH('OLT DOWN Tickets'!$AB:$AB, ""(?i)""&TRIM(D24)), 'OLT DOWN Tickets'!$L:$L=""OLT UPLINK LOW POWER""), 1), """")"),"") | L24: =IFERROR(__xludf.DUMMYFUNCTION("IFERROR(INDEX(FILTER('OLT DOWN Tickets'!$F:$F, REGEXMATCH('OLT DOWN Tickets'!$AB:$AB, ""(?i)""&TRIM(D24)), 'OLT DOWN Tickets'!$L:$L=""OLT UPLINK DOWN""), 1), """")"),"") | M24: =IFERROR(__xludf.DUMMYFUNCTION("IFERROR(INDEX(FILTER('OLT DOWN Tickets'!$F:$F, REGEXMATCH('OLT DOWN Tickets'!$AB:$AB, ""(?i)""&TRIM(D24)), 'OLT DOWN Tickets'!$L:$L=""OLT SERVICE DEGRADATION""), 1), """") "),"") | N24: FALSE | O24: FALSE | P24: FALSE | Q24: FALSE
B25: BENGUET | C25: BAGUIO CITY | D25: BGC001-OLT-01 | E25: =NOT(OR(F25, G25, H25, I25)) -> TRUE | F25: =COUNTIFS('OLT DOWN Tickets'!$AB:$AB, "*" & D25 & "*", 'OLT DOWN Tickets'!$L:$L, "OLT DOWN") > 0 -> FALSE | G25: =COUNTIFS('OLT DOWN Tickets'!$AB:$AB, "*" & D25 & "*", 'OLT DOWN Tickets'!$L:$L, "OLT UPLINK LOW POWER") > 0 -> FALSE | H25: =COUNTIFS('OLT DOWN Tickets'!$AB:$AB, "*" & D25 & "*", 'OLT DOWN Tickets'!$L:$L, "OLT UPLINK DOWN") > 0 -> FALSE | I25: =COUNTIFS('OLT DOWN Tickets'!$AB:$AB, "*" & D25 & "*", 'OLT DOWN Tickets'!$L:$L, "OLT SERVICE DEGRADATION") > 0 -> FALSE | J25: =IFERROR(__xludf.DUMMYFUNCTION("IFERROR(INDEX(FILTER('OLT DOWN Tickets'!$F:$F, REGEXMATCH('OLT DOWN Tickets'!$AB:$AB, ""(?i)""&TRIM(D25)), 'OLT DOWN Tickets'!$L:$L=""OLT DOWN""), 1), """")"),"") | K25: =IFERROR(__xludf.DUMMYFUNCTION("IFERROR(INDEX(FILTER('OLT DOWN Tickets'!$F:$F, REGEXMATCH('OLT DOWN Tickets'!$AB:$AB, ""(?i)""&TRIM(D25)), 'OLT DOWN Tickets'!$L:$L=""OLT UPLINK LOW POWER""), 1), """")"),"") | L25: =IFERROR(__xludf.DUMMYFUNCTION("IFERROR(INDEX(FILTER('OLT DOWN Tickets'!$F:$F, REGEXMATCH('OLT DOWN Tickets'!$AB:$AB, ""(?i)""&TRIM(D25)), 'OLT DOWN Tickets'!$L:$L=""OLT UPLINK DOWN""), 1), """")"),"") | M25: =IFERROR(__xludf.DUMMYFUNCTION("IFERROR(INDEX(FILTER('OLT DOWN Tickets'!$F:$F, REGEXMATCH('OLT DOWN Tickets'!$AB:$AB, ""(?i)""&TRIM(D25)), 'OLT DOWN Tickets'!$L:$L=""OLT SERVICE DEGRADATION""), 1), """") "),"") | N25: FALSE | O25: FALSE | P25: FALSE | Q25: FALSE
B26: BENGUET | C26: BAGUIO CITY | D26: BGC002-OLT-01 | E26: =NOT(OR(F26, G26, H26, I26)) -> TRUE | F26: =COUNTIFS('OLT DOWN Tickets'!$AB:$AB, "*" & D26 & "*", 'OLT DOWN Tickets'!$L:$L, "OLT DOWN") > 0 -> FALSE | G26: =COUNTIFS('OLT DOWN Tickets'!$AB:$AB, "*" & D26 & "*", 'OLT DOWN Tickets'!$L:$L, "OLT UPLINK LOW POWER") > 0 -> FALSE | H26: =COUNTIFS('OLT DOWN Tickets'!$AB:$AB, "*" & D26 & "*", 'OLT DOWN Tickets'!$L:$L, "OLT UPLINK DOWN") > 0 -> FALSE | I26: =COUNTIFS('OLT DOWN Tickets'!$AB:$AB, "*" & D26 & "*", 'OLT DOWN Tickets'!$L:$L, "OLT SERVICE DEGRADATION") > 0 -> FALSE | J26: =IFERROR(__xludf.DUMMYFUNCTION("IFERROR(INDEX(FILTER('OLT DOWN Tickets'!$F:$F, REGEXMATCH('OLT DOWN Tickets'!$AB:$AB, ""(?i)""&TRIM(D26)), 'OLT DOWN Tickets'!$L:$L=""OLT DOWN""), 1), """")"),"") | K26: =IFERROR(__xludf.DUMMYFUNCTION("IFERROR(INDEX(FILTER('OLT DOWN Tickets'!$F:$F, REGEXMATCH('OLT DOWN Tickets'!$AB:$AB, ""(?i)""&TRIM(D26)), 'OLT DOWN Tickets'!$L:$L=""OLT UPLINK LOW POWER""), 1), """")"),"") | L26: =IFERROR(__xludf.DUMMYFUNCTION("IFERROR(INDEX(FILTER('OLT DOWN Tickets'!$F:$F, REGEXMATCH('OLT DOWN Tickets'!$AB:$AB, ""(?i)""&TRIM(D26)), 'OLT DOWN Tickets'!$L:$L=""OLT UPLINK DOWN""), 1), """")"),"") | M26: =IFERROR(__xludf.DUMMYFUNCTION("IFERROR(INDEX(FILTER('OLT DOWN Tickets'!$F:$F, REGEXMATCH('OLT DOWN Tickets'!$AB:$AB, ""(?i)""&TRIM(D26)), 'OLT DOWN Tickets'!$L:$L=""OLT SERVICE DEGRADATION""), 1), """") "),"") | N26: FALSE | O26: FALSE | P26: FALSE | Q26: FALSE
B27: BENGUET | C27: BAGUIO CITY | D27: BGC002-OLT-02 | E27: =NOT(OR(F27, G27, H27, I27)) -> TRUE | F27: =COUNTIFS('OLT DOWN Tickets'!$AB:$AB, "*" & D27 & "*", 'OLT DOWN Tickets'!$L:$L, "OLT DOWN") > 0 -> FALSE | G27: =COUNTIFS('OLT DOWN Tickets'!$AB:$AB, "*" & D27 & "*", 'OLT DOWN Tickets'!$L:$L, "OLT UPLINK LOW POWER") > 0 -> FALSE | H27: =COUNTIFS('OLT DOWN Tickets'!$AB:$AB, "*" & D27 & "*", 'OLT DOWN Tickets'!$L:$L, "OLT UPLINK DOWN") > 0 -> FALSE | I27: =COUNTIFS('OLT DOWN Tickets'!$AB:$AB, "*" & D27 & "*", 'OLT DOWN Tickets'!$L:$L, "OLT SERVICE DEGRADATION") > 0 -> FALSE | J27: =IFERROR(__xludf.DUMMYFUNCTION("IFERROR(INDEX(FILTER('OLT DOWN Tickets'!$F:$F, REGEXMATCH('OLT DOWN Tickets'!$AB:$AB, ""(?i)""&TRIM(D27)), 'OLT DOWN Tickets'!$L:$L=""OLT DOWN""), 1), """")"),"") | K27: =IFERROR(__xludf.DUMMYFUNCTION("IFERROR(INDEX(FILTER('OLT DOWN Tickets'!$F:$F, REGEXMATCH('OLT DOWN Tickets'!$AB:$AB, ""(?i)""&TRIM(D27)), 'OLT DOWN Tickets'!$L:$L=""OLT UPLINK LOW POWER""), 1), """")"),"") | L27: =IFERROR(__xludf.DUMMYFUNCTION("IFERROR(INDEX(FILTER('OLT DOWN Tickets'!$F:$F, REGEXMATCH('OLT DOWN Tickets'!$AB:$AB, ""(?i)""&TRIM(D27)), 'OLT DOWN Tickets'!$L:$L=""OLT UPLINK DOWN""), 1), """")"),"") | M27: =IFERROR(__xludf.DUMMYFUNCTION("IFERROR(INDEX(FILTER('OLT DOWN Tickets'!$F:$F, REGEXMATCH('OLT DOWN Tickets'!$AB:$AB, ""(?i)""&TRIM(D27)), 'OLT DOWN Tickets'!$L:$L=""OLT SERVICE DEGRADATION""), 1), """") "),"") | N27: FALSE | O27: FALSE | P27: FALSE | Q27: FALSE
B28: BENGUET | C28: BAGUIO CITY | D28: BGC003-OLT-01 | E28: =NOT(OR(F28, G28, H28, I28)) -> TRUE | F28: =COUNTIFS('OLT DOWN Tickets'!$AB:$AB, "*" & D28 & "*", 'OLT DOWN Tickets'!$L:$L, "OLT DOWN") > 0 -> FALSE | G28: =COUNTIFS('OLT DOWN Tickets'!$AB:$AB, "*" & D28 & "*", 'OLT DOWN Tickets'!$L:$L, "OLT UPLINK LOW POWER") > 0 -> FALSE | H28: =COUNTIFS('OLT DOWN Tickets'!$AB:$AB, "*" & D28 & "*", 'OLT DOWN Tickets'!$L:$L, "OLT UPLINK DOWN") > 0 -> FALSE | I28: =COUNTIFS('OLT DOWN Tickets'!$AB:$AB, "*" & D28 & "*", 'OLT DOWN Tickets'!$L:$L, "OLT SERVICE DEGRADATION") > 0 -> FALSE | J28: =IFERROR(__xludf.DUMMYFUNCTION("IFERROR(INDEX(FILTER('OLT DOWN Tickets'!$F:$F, REGEXMATCH('OLT DOWN Tickets'!$AB:$AB, ""(?i)""&TRIM(D28)), 'OLT DOWN Tickets'!$L:$L=""OLT DOWN""), 1), """")"),"") | K28: =IFERROR(__xludf.DUMMYFUNCTION("IFERROR(INDEX(FILTER('OLT DOWN Tickets'!$F:$F, REGEXMATCH('OLT DOWN Tickets'!$AB:$AB, ""(?i)""&TRIM(D28)), 'OLT DOWN Tickets'!$L:$L=""OLT UPLINK LOW POWER""), 1), """")"),"") | L28: =IFERROR(__xludf.DUMMYFUNCTION("IFERROR(INDEX(FILTER('OLT DOWN Tickets'!$F:$F, REGEXMATCH('OLT DOWN Tickets'!$AB:$AB, ""(?i)""&TRIM(D28)), 'OLT DOWN Tickets'!$L:$L=""OLT UPLINK DOWN""), 1), """")"),"") | M28: =IFERROR(__xludf.DUMMYFUNCTION("IFERROR(INDEX(FILTER('OLT DOWN Tickets'!$F:$F, REGEXMATCH('OLT DOWN Tickets'!$AB:$AB, ""(?i)""&TRIM(D28)), 'OLT DOWN Tickets'!$L:$L=""OLT SERVICE DEGRADATION""), 1), """") "),"") | N28: FALSE | O28: FALSE | P28: FALSE | Q28: FALSE
B29: BENGUET | C29: BAGUIO CITY | D29: BGC004-OLT-01 | E29: =NOT(OR(F29, G29, H29, I29)) -> TRUE | F29: =COUNTIFS('OLT DOWN Tickets'!$AB:$AB, "*" & D29 & "*", 'OLT DOWN Tickets'!$L:$L, "OLT DOWN") > 0 -> FALSE | G29: =COUNTIFS('OLT DOWN Tickets'!$AB:$AB, "*" & D29 & "*", 'OLT DOWN Tickets'!$L:$L, "OLT UPLINK LOW POWER") > 0 -> FALSE | H29: =COUNTIFS('OLT DOWN Tickets'!$AB:$AB, "*" & D29 & "*", 'OLT DOWN Tickets'!$L:$L, "OLT UPLINK DOWN") > 0 -> FALSE | I29: =COUNTIFS('OLT DOWN Tickets'!$AB:$AB, "*" & D29 & "*", 'OLT DOWN Tickets'!$L:$L, "OLT SERVICE DEGRADATION") > 0 -> FALSE | J29: =IFERROR(__xludf.DUMMYFUNCTION("IFERROR(INDEX(FILTER('OLT DOWN Tickets'!$F:$F, REGEXMATCH('OLT DOWN Tickets'!$AB:$AB, ""(?i)""&TRIM(D29)), 'OLT DOWN Tickets'!$L:$L=""OLT DOWN""), 1), """")"),"") | K29: =IFERROR(__xludf.DUMMYFUNCTION("IFERROR(INDEX(FILTER('OLT DOWN Tickets'!$F:$F, REGEXMATCH('OLT DOWN Tickets'!$AB:$AB, ""(?i)""&TRIM(D29)), 'OLT DOWN Tickets'!$L:$L=""OLT UPLINK LOW POWER""), 1), """")"),"") | L29: =IFERROR(__xludf.DUMMYFUNCTION("IFERROR(INDEX(FILTER('OLT DOWN Tickets'!$F:$F, REGEXMATCH('OLT DOWN Tickets'!$AB:$AB, ""(?i)""&TRIM(D29)), 'OLT DOWN Tickets'!$L:$L=""OLT UPLINK DOWN""), 1), """")"),"") | M29: =IFERROR(__xludf.DUMMYFUNCTION("IFERROR(INDEX(FILTER('OLT DOWN Tickets'!$F:$F, REGEXMATCH('OLT DOWN Tickets'!$AB:$AB, ""(?i)""&TRIM(D29)), 'OLT DOWN Tickets'!$L:$L=""OLT SERVICE DEGRADATION""), 1), """") "),"") | N29: FALSE | O29: FALSE | P29: FALSE | Q29: FALSE
B30: BENGUET | C30: BAGUIO CITY | D30: BGC004-OLT-02 | E30: =NOT(OR(F30, G30, H30, I30)) -> TRUE | F30: =COUNTIFS('OLT DOWN Tickets'!$AB:$AB, "*" & D30 & "*", 'OLT DOWN Tickets'!$L:$L, "OLT DOWN") > 0 -> FALSE | G30: =COUNTIFS('OLT DOWN Tickets'!$AB:$AB, "*" & D30 & "*", 'OLT DOWN Tickets'!$L:$L, "OLT UPLINK LOW POWER") > 0 -> FALSE | H30: =COUNTIFS('OLT DOWN Tickets'!$AB:$AB, "*" & D30 & "*", 'OLT DOWN Tickets'!$L:$L, "OLT UPLINK DOWN") > 0 -> FALSE | I30: =COUNTIFS('OLT DOWN Tickets'!$AB:$AB, "*" & D30 & "*", 'OLT DOWN Tickets'!$L:$L, "OLT SERVICE DEGRADATION") > 0 -> FALSE | J30: =IFERROR(__xludf.DUMMYFUNCTION("IFERROR(INDEX(FILTER('OLT DOWN Tickets'!$F:$F, REGEXMATCH('OLT DOWN Tickets'!$AB:$AB, ""(?i)""&TRIM(D30)), 'OLT DOWN Tickets'!$L:$L=""OLT DOWN""), 1), """")"),"") | K30: =IFERROR(__xludf.DUMMYFUNCTION("IFERROR(INDEX(FILTER('OLT DOWN Tickets'!$F:$F, REGEXMATCH('OLT DOWN Tickets'!$AB:$AB, ""(?i)""&TRIM(D30)), 'OLT DOWN Tickets'!$L:$L=""OLT UPLINK LOW POWER""), 1), """")"),"") | L30: =IFERROR(__xludf.DUMMYFUNCTION("IFERROR(INDEX(FILTER('OLT DOWN Tickets'!$F:$F, REGEXMATCH('OLT DOWN Tickets'!$AB:$AB, ""(?i)""&TRIM(D30)), 'OLT DOWN Tickets'!$L:$L=""OLT UPLINK DOWN""), 1), """")"),"") | M30: =IFERROR(__xludf.DUMMYFUNCTION("IFERROR(INDEX(FILTER('OLT DOWN Tickets'!$F:$F, REGEXMATCH('OLT DOWN Tickets'!$AB:$AB, ""(?i)""&TRIM(D30)), 'OLT DOWN Tickets'!$L:$L=""OLT SERVICE DEGRADATION""), 1), """") "),"") | N30: FALSE | O30: FALSE | P30: FALSE | Q30: FALSE
B31: BENGUET | C31: BAGUIO CITY | D31: BGC005-OLT-01 | E31: =NOT(OR(F31, G31, H31, I31)) -> TRUE | F31: =COUNTIFS('OLT DOWN Tickets'!$AB:$AB, "*" & D31 & "*", 'OLT DOWN Tickets'!$L:$L, "OLT DOWN") > 0 -> FALSE | G31: =COUNTIFS('OLT DOWN Tickets'!$AB:$AB, "*" & D31 & "*", 'OLT DOWN Tickets'!$L:$L, "OLT UPLINK LOW POWER") > 0 -> FALSE | H31: =COUNTIFS('OLT DOWN Tickets'!$AB:$AB, "*" & D31 & "*", 'OLT DOWN Tickets'!$L:$L, "OLT UPLINK DOWN") > 0 -> FALSE | I31: =COUNTIFS('OLT DOWN Tickets'!$AB:$AB, "*" & D31 & "*", 'OLT DOWN Tickets'!$L:$L, "OLT SERVICE DEGRADATION") > 0 -> FALSE | J31: =IFERROR(__xludf.DUMMYFUNCTION("IFERROR(INDEX(FILTER('OLT DOWN Tickets'!$F:$F, REGEXMATCH('OLT DOWN Tickets'!$AB:$AB, ""(?i)""&TRIM(D31)), 'OLT DOWN Tickets'!$L:$L=""OLT DOWN""), 1), """")"),"") | K31: =IFERROR(__xludf.DUMMYFUNCTION("IFERROR(INDEX(FILTER('OLT DOWN Tickets'!$F:$F, REGEXMATCH('OLT DOWN Tickets'!$AB:$AB, ""(?i)""&TRIM(D31)), 'OLT DOWN Tickets'!$L:$L=""OLT UPLINK LOW POWER""), 1), """")"),"") | L31: =IFERROR(__xludf.DUMMYFUNCTION("IFERROR(INDEX(FILTER('OLT DOWN Tickets'!$F:$F, REGEXMATCH('OLT DOWN Tickets'!$AB:$AB, ""(?i)""&TRIM(D31)), 'OLT DOWN Tickets'!$L:$L=""OLT UPLINK DOWN""), 1), """")"),"") | M31: =IFERROR(__xludf.DUMMYFUNCTION("IFERROR(INDEX(FILTER('OLT DOWN Tickets'!$F:$F, REGEXMATCH('OLT DOWN Tickets'!$AB:$AB, ""(?i)""&TRIM(D31)), 'OLT DOWN Tickets'!$L:$L=""OLT SERVICE DEGRADATION""), 1), """") "),"") | N31: FALSE | O31: FALSE | P31: FALSE | Q31: FALSE
B32: BENGUET | C32: BAGUIO CITY | D32: BGC005-OLT-02 | E32: =NOT(OR(F32, G32, H32, I32)) -> TRUE | F32: =COUNTIFS('OLT DOWN Tickets'!$AB:$AB, "*" & D32 & "*", 'OLT DOWN Tickets'!$L:$L, "OLT DOWN") > 0 -> FALSE | G32: =COUNTIFS('OLT DOWN Tickets'!$AB:$AB, "*" & D32 & "*", 'OLT DOWN Tickets'!$L:$L, "OLT UPLINK LOW POWER") > 0 -> FALSE | H32: =COUNTIFS('OLT DOWN Tickets'!$AB:$AB, "*" & D32 & "*", 'OLT DOWN Tickets'!$L:$L, "OLT UPLINK DOWN") > 0 -> FALSE | I32: =COUNTIFS('OLT DOWN Tickets'!$AB:$AB, "*" & D32 & "*", 'OLT DOWN Tickets'!$L:$L, "OLT SERVICE DEGRADATION") > 0 -> FALSE | J32: =IFERROR(__xludf.DUMMYFUNCTION("IFERROR(INDEX(FILTER('OLT DOWN Tickets'!$F:$F, REGEXMATCH('OLT DOWN Tickets'!$AB:$AB, ""(?i)""&TRIM(D32)), 'OLT DOWN Tickets'!$L:$L=""OLT DOWN""), 1), """")"),"") | K32: =IFERROR(__xludf.DUMMYFUNCTION("IFERROR(INDEX(FILTER('OLT DOWN Tickets'!$F:$F, REGEXMATCH('OLT DOWN Tickets'!$AB:$AB, ""(?i)""&TRIM(D32)), 'OLT DOWN Tickets'!$L:$L=""OLT UPLINK LOW POWER""), 1), """")"),"") | L32: =IFERROR(__xludf.DUMMYFUNCTION("IFERROR(INDEX(FILTER('OLT DOWN Tickets'!$F:$F, REGEXMATCH('OLT DOWN Tickets'!$AB:$AB, ""(?i)""&TRIM(D32)), 'OLT DOWN Tickets'!$L:$L=""OLT UPLINK DOWN""), 1), """")"),"") | M32: =IFERROR(__xludf.DUMMYFUNCTION("IFERROR(INDEX(FILTER('OLT DOWN Tickets'!$F:$F, REGEXMATCH('OLT DOWN Tickets'!$AB:$AB, ""(?i)""&TRIM(D32)), 'OLT DOWN Tickets'!$L:$L=""OLT SERVICE DEGRADATION""), 1), """") "),"") | N32: FALSE | O32: FALSE | P32: FALSE | Q32: FALSE
B33: BENGUET | C33: BAGUIO CITY | D33: BGC005-OLT-03 | E33: =NOT(OR(F33, G33, H33, I33)) -> TRUE | F33: =COUNTIFS('OLT DOWN Tickets'!$AB:$AB, "*" & D33 & "*", 'OLT DOWN Tickets'!$L:$L, "OLT DOWN") > 0 -> FALSE | G33: =COUNTIFS('OLT DOWN Tickets'!$AB:$AB, "*" & D33 & "*", 'OLT DOWN Tickets'!$L:$L, "OLT UPLINK LOW POWER") > 0 -> FALSE | H33: =COUNTIFS('OLT DOWN Tickets'!$AB:$AB, "*" & D33 & "*", 'OLT DOWN Tickets'!$L:$L, "OLT UPLINK DOWN") > 0 -> FALSE | I33: =COUNTIFS('OLT DOWN Tickets'!$AB:$AB, "*" & D33 & "*", 'OLT DOWN Tickets'!$L:$L, "OLT SERVICE DEGRADATION") > 0 -> FALSE | J33: =IFERROR(__xludf.DUMMYFUNCTION("IFERROR(INDEX(FILTER('OLT DOWN Tickets'!$F:$F, REGEXMATCH('OLT DOWN Tickets'!$AB:$AB, ""(?i)""&TRIM(D33)), 'OLT DOWN Tickets'!$L:$L=""OLT DOWN""), 1), """")"),"") | K33: =IFERROR(__xludf.DUMMYFUNCTION("IFERROR(INDEX(FILTER('OLT DOWN Tickets'!$F:$F, REGEXMATCH('OLT DOWN Tickets'!$AB:$AB, ""(?i)""&TRIM(D33)), 'OLT DOWN Tickets'!$L:$L=""OLT UPLINK LOW POWER""), 1), """")"),"") | L33: =IFERROR(__xludf.DUMMYFUNCTION("IFERROR(INDEX(FILTER('OLT DOWN Tickets'!$F:$F, REGEXMATCH('OLT DOWN Tickets'!$AB:$AB, ""(?i)""&TRIM(D33)), 'OLT DOWN Tickets'!$L:$L=""OLT UPLINK DOWN""), 1), """")"),"") | M33: =IFERROR(__xludf.DUMMYFUNCTION("IFERROR(INDEX(FILTER('OLT DOWN Tickets'!$F:$F, REGEXMATCH('OLT DOWN Tickets'!$AB:$AB, ""(?i)""&TRIM(D33)), 'OLT DOWN Tickets'!$L:$L=""OLT SERVICE DEGRADATION""), 1), """") "),"") | N33: FALSE | O33: FALSE | P33: FALSE | Q33: FALSE
B34: BENGUET | C34: BAGUIO CITY | D34: BGC005-OLT-04 | E34: =NOT(OR(F34, G34, H34, I34)) -> TRUE | F34: =COUNTIFS('OLT DOWN Tickets'!$AB:$AB, "*" & D34 & "*", 'OLT DOWN Tickets'!$L:$L, "OLT DOWN") > 0 -> FALSE | G34: =COUNTIFS('OLT DOWN Tickets'!$AB:$AB, "*" & D34 & "*", 'OLT DOWN Tickets'!$L:$L, "OLT UPLINK LOW POWER") > 0 -> FALSE | H34: =COUNTIFS('OLT DOWN Tickets'!$AB:$AB, "*" & D34 & "*", 'OLT DOWN Tickets'!$L:$L, "OLT UPLINK DOWN") > 0 -> FALSE | I34: =COUNTIFS('OLT DOWN Tickets'!$AB:$AB, "*" & D34 & "*", 'OLT DOWN Tickets'!$L:$L, "OLT SERVICE DEGRADATION") > 0 -> FALSE | J34: =IFERROR(__xludf.DUMMYFUNCTION("IFERROR(INDEX(FILTER('OLT DOWN Tickets'!$F:$F, REGEXMATCH('OLT DOWN Tickets'!$AB:$AB, ""(?i)""&TRIM(D34)), 'OLT DOWN Tickets'!$L:$L=""OLT DOWN""), 1), """")"),"") | K34: =IFERROR(__xludf.DUMMYFUNCTION("IFERROR(INDEX(FILTER('OLT DOWN Tickets'!$F:$F, REGEXMATCH('OLT DOWN Tickets'!$AB:$AB, ""(?i)""&TRIM(D34)), 'OLT DOWN Tickets'!$L:$L=""OLT UPLINK LOW POWER""), 1), """")"),"") | L34: =IFERROR(__xludf.DUMMYFUNCTION("IFERROR(INDEX(FILTER('OLT DOWN Tickets'!$F:$F, REGEXMATCH('OLT DOWN Tickets'!$AB:$AB, ""(?i)""&TRIM(D34)), 'OLT DOWN Tickets'!$L:$L=""OLT UPLINK DOWN""), 1), """")"),"") | M34: =IFERROR(__xludf.DUMMYFUNCTION("IFERROR(INDEX(FILTER('OLT DOWN Tickets'!$F:$F, REGEXMATCH('OLT DOWN Tickets'!$AB:$AB, ""(?i)""&TRIM(D34)), 'OLT DOWN Tickets'!$L:$L=""OLT SERVICE DEGRADATION""), 1), """") "),"") | N34: FALSE | O34: FALSE | P34: FALSE | Q34: FALSE
B35: BENGUET | C35: BAGUIO CITY | D35: BGC006-OLT-01 | E35: =NOT(OR(F35, G35, H35, I35)) -> TRUE | F35: =COUNTIFS('OLT DOWN Tickets'!$AB:$AB, "*" & D35 & "*", 'OLT DOWN Tickets'!$L:$L, "OLT DOWN") > 0 -> FALSE | G35: =COUNTIFS('OLT DOWN Tickets'!$AB:$AB, "*" & D35 & "*", 'OLT DOWN Tickets'!$L:$L, "OLT UPLINK LOW POWER") > 0 -> FALSE | H35: =COUNTIFS('OLT DOWN Tickets'!$AB:$AB, "*" & D35 & "*", 'OLT DOWN Tickets'!$L:$L, "OLT UPLINK DOWN") > 0 -> FALSE | I35: =COUNTIFS('OLT DOWN Tickets'!$AB:$AB, "*" & D35 & "*", 'OLT DOWN Tickets'!$L:$L, "OLT SERVICE DEGRADATION") > 0 -> FALSE | J35: =IFERROR(__xludf.DUMMYFUNCTION("IFERROR(INDEX(FILTER('OLT DOWN Tickets'!$F:$F, REGEXMATCH('OLT DOWN Tickets'!$AB:$AB, ""(?i)""&TRIM(D35)), 'OLT DOWN Tickets'!$L:$L=""OLT DOWN""), 1), """")"),"") | K35: =IFERROR(__xludf.DUMMYFUNCTION("IFERROR(INDEX(FILTER('OLT DOWN Tickets'!$F:$F, REGEXMATCH('OLT DOWN Tickets'!$AB:$AB, ""(?i)""&TRIM(D35)), 'OLT DOWN Tickets'!$L:$L=""OLT UPLINK LOW POWER""), 1), """")"),"") | L35: =IFERROR(__xludf.DUMMYFUNCTION("IFERROR(INDEX(FILTER('OLT DOWN Tickets'!$F:$F, REGEXMATCH('OLT DOWN Tickets'!$AB:$AB, ""(?i)""&TRIM(D35)), 'OLT DOWN Tickets'!$L:$L=""OLT UPLINK DOWN""), 1), """")"),"") | M35: =IFERROR(__xludf.DUMMYFUNCTION("IFERROR(INDEX(FILTER('OLT DOWN Tickets'!$F:$F, REGEXMATCH('OLT DOWN Tickets'!$AB:$AB, ""(?i)""&TRIM(D35)), 'OLT DOWN Tickets'!$L:$L=""OLT SERVICE DEGRADATION""), 1), """") "),"") | N35: FALSE | O35: FALSE | P35: FALSE | Q35: FALSE
B36: BENGUET | C36: BAGUIO CITY | D36: BGC006-OLT-02 | E36: =NOT(OR(F36, G36, H36, I36)) -> TRUE | F36: =COUNTIFS('OLT DOWN Tickets'!$AB:$AB, "*" & D36 & "*", 'OLT DOWN Tickets'!$L:$L, "OLT DOWN") > 0 -> FALSE | G36: =COUNTIFS('OLT DOWN Tickets'!$AB:$AB, "*" & D36 & "*", 'OLT DOWN Tickets'!$L:$L, "OLT UPLINK LOW POWER") > 0 -> FALSE | H36: =COUNTIFS('OLT DOWN Tickets'!$AB:$AB, "*" & D36 & "*", 'OLT DOWN Tickets'!$L:$L, "OLT UPLINK DOWN") > 0 -> FALSE | I36: =COUNTIFS('OLT DOWN Tickets'!$AB:$AB, "*" & D36 & "*", 'OLT DOWN Tickets'!$L:$L, "OLT SERVICE DEGRADATION") > 0 -> FALSE | J36: =IFERROR(__xludf.DUMMYFUNCTION("IFERROR(INDEX(FILTER('OLT DOWN Tickets'!$F:$F, REGEXMATCH('OLT DOWN Tickets'!$AB:$AB, ""(?i)""&TRIM(D36)), 'OLT DOWN Tickets'!$L:$L=""OLT DOWN""), 1), """")"),"") | K36: =IFERROR(__xludf.DUMMYFUNCTION("IFERROR(INDEX(FILTER('OLT DOWN Tickets'!$F:$F, REGEXMATCH('OLT DOWN Tickets'!$AB:$AB, ""(?i)""&TRIM(D36)), 'OLT DOWN Tickets'!$L:$L=""OLT UPLINK LOW POWER""), 1), """")"),"") | L36: =IFERROR(__xludf.DUMMYFUNCTION("IFERROR(INDEX(FILTER('OLT DOWN Tickets'!$F:$F, REGEXMATCH('OLT DOWN Tickets'!$AB:$AB, ""(?i)""&TRIM(D36)), 'OLT DOWN Tickets'!$L:$L=""OLT UPLINK DOWN""), 1), """")"),"") | M36: =IFERROR(__xludf.DUMMYFUNCTION("IFERROR(INDEX(FILTER('OLT DOWN Tickets'!$F:$F, REGEXMATCH('OLT DOWN Tickets'!$AB:$AB, ""(?i)""&TRIM(D36)), 'OLT DOWN Tickets'!$L:$L=""OLT SERVICE DEGRADATION""), 1), """") "),"") | N36: FALSE | O36: FALSE | P36: FALSE | Q36: FALSE
B37: BENGUET | C37: BAGUIO CITY | D37: BGC007-OLT-01 | E37: =NOT(OR(F37, G37, H37, I37)) -> TRUE | F37: =COUNTIFS('OLT DOWN Tickets'!$AB:$AB, "*" & D37 & "*", 'OLT DOWN Tickets'!$L:$L, "OLT DOWN") > 0 -> FALSE | G37: =COUNTIFS('OLT DOWN Tickets'!$AB:$AB, "*" & D37 & "*", 'OLT DOWN Tickets'!$L:$L, "OLT UPLINK LOW POWER") > 0 -> FALSE | H37: =COUNTIFS('OLT DOWN Tickets'!$AB:$AB, "*" & D37 & "*", 'OLT DOWN Tickets'!$L:$L, "OLT UPLINK DOWN") > 0 -> FALSE | I37: =COUNTIFS('OLT DOWN Tickets'!$AB:$AB, "*" & D37 & "*", 'OLT DOWN Tickets'!$L:$L, "OLT SERVICE DEGRADATION") > 0 -> FALSE | J37: =IFERROR(__xludf.DUMMYFUNCTION("IFERROR(INDEX(FILTER('OLT DOWN Tickets'!$F:$F, REGEXMATCH('OLT DOWN Tickets'!$AB:$AB, ""(?i)""&TRIM(D37)), 'OLT DOWN Tickets'!$L:$L=""OLT DOWN""), 1), """")"),"") | K37: =IFERROR(__xludf.DUMMYFUNCTION("IFERROR(INDEX(FILTER('OLT DOWN Tickets'!$F:$F, REGEXMATCH('OLT DOWN Tickets'!$AB:$AB, ""(?i)""&TRIM(D37)), 'OLT DOWN Tickets'!$L:$L=""OLT UPLINK LOW POWER""), 1), """")"),"") | L37: =IFERROR(__xludf.DUMMYFUNCTION("IFERROR(INDEX(FILTER('OLT DOWN Tickets'!$F:$F, REGEXMATCH('OLT DOWN Tickets'!$AB:$AB, ""(?i)""&TRIM(D37)), 'OLT DOWN Tickets'!$L:$L=""OLT UPLINK DOWN""), 1), """")"),"") | M37: =IFERROR(__xludf.DUMMYFUNCTION("IFERROR(INDEX(FILTER('OLT DOWN Tickets'!$F:$F, REGEXMATCH('OLT DOWN Tickets'!$AB:$AB, ""(?i)""&TRIM(D37)), 'OLT DOWN Tickets'!$L:$L=""OLT SERVICE DEGRADATION""), 1), """") "),"") | N37: FALSE | O37: FALSE | P37: FALSE | Q37: FALSE
B38: BENGUET | C38: BAGUIO CITY | D38: BGC007-OLT-02 | E38: =NOT(OR(F38, G38, H38, I38)) -> TRUE | F38: =COUNTIFS('OLT DOWN Tickets'!$AB:$AB, "*" & D38 & "*", 'OLT DOWN Tickets'!$L:$L, "OLT DOWN") > 0 -> FALSE | G38: =COUNTIFS('OLT DOWN Tickets'!$AB:$AB, "*" & D38 & "*", 'OLT DOWN Tickets'!$L:$L, "OLT UPLINK LOW POWER") > 0 -> FALSE | H38: =COUNTIFS('OLT DOWN Tickets'!$AB:$AB, "*" & D38 & "*", 'OLT DOWN Tickets'!$L:$L, "OLT UPLINK DOWN") > 0 -> FALSE | I38: =COUNTIFS('OLT DOWN Tickets'!$AB:$AB, "*" & D38 & "*", 'OLT DOWN Tickets'!$L:$L, "OLT SERVICE DEGRADATION") > 0 -> FALSE | J38: =IFERROR(__xludf.DUMMYFUNCTION("IFERROR(INDEX(FILTER('OLT DOWN Tickets'!$F:$F, REGEXMATCH('OLT DOWN Tickets'!$AB:$AB, ""(?i)""&TRIM(D38)), 'OLT DOWN Tickets'!$L:$L=""OLT DOWN""), 1), """")"),"") | K38: =IFERROR(__xludf.DUMMYFUNCTION("IFERROR(INDEX(FILTER('OLT DOWN Tickets'!$F:$F, REGEXMATCH('OLT DOWN Tickets'!$AB:$AB, ""(?i)""&TRIM(D38)), 'OLT DOWN Tickets'!$L:$L=""OLT UPLINK LOW POWER""), 1), """")"),"") | L38: =IFERROR(__xludf.DUMMYFUNCTION("IFERROR(INDEX(FILTER('OLT DOWN Tickets'!$F:$F, REGEXMATCH('OLT DOWN Tickets'!$AB:$AB, ""(?i)""&TRIM(D38)), 'OLT DOWN Tickets'!$L:$L=""OLT UPLINK DOWN""), 1), """")"),"") | M38: =IFERROR(__xludf.DUMMYFUNCTION("IFERROR(INDEX(FILTER('OLT DOWN Tickets'!$F:$F, REGEXMATCH('OLT DOWN Tickets'!$AB:$AB, ""(?i)""&TRIM(D38)), 'OLT DOWN Tickets'!$L:$L=""OLT SERVICE DEGRADATION""), 1), """") "),"") | N38: FALSE | O38: FALSE | P38: FALSE | Q38: FALSE
B39: BENGUET | C39: BAGUIO CITY | D39: BGC008-OLT-01 | E39: =NOT(OR(F39, G39, H39, I39)) -> TRUE | F39: =COUNTIFS('OLT DOWN Tickets'!$AB:$AB, "*" & D39 & "*", 'OLT DOWN Tickets'!$L:$L, "OLT DOWN") > 0 -> FALSE | G39: =COUNTIFS('OLT DOWN Tickets'!$AB:$AB, "*" & D39 & "*", 'OLT DOWN Tickets'!$L:$L, "OLT UPLINK LOW POWER") > 0 -> FALSE | H39: =COUNTIFS('OLT DOWN Tickets'!$AB:$AB, "*" & D39 & "*", 'OLT DOWN Tickets'!$L:$L, "OLT UPLINK DOWN") > 0 -> FALSE | I39: =COUNTIFS('OLT DOWN Tickets'!$AB:$AB, "*" & D39 & "*", 'OLT DOWN Tickets'!$L:$L, "OLT SERVICE DEGRADATION") > 0 -> FALSE | J39: =IFERROR(__xludf.DUMMYFUNCTION("IFERROR(INDEX(FILTER('OLT DOWN Tickets'!$F:$F, REGEXMATCH('OLT DOWN Tickets'!$AB:$AB, ""(?i)""&TRIM(D39)), 'OLT DOWN Tickets'!$L:$L=""OLT DOWN""), 1), """")"),"") | K39: =IFERROR(__xludf.DUMMYFUNCTION("IFERROR(INDEX(FILTER('OLT DOWN Tickets'!$F:$F, REGEXMATCH('OLT DOWN Tickets'!$AB:$AB, ""(?i)""&TRIM(D39)), 'OLT DOWN Tickets'!$L:$L=""OLT UPLINK LOW POWER""), 1), """")"),"") | L39: =IFERROR(__xludf.DUMMYFUNCTION("IFERROR(INDEX(FILTER('OLT DOWN Tickets'!$F:$F, REGEXMATCH('OLT DOWN Tickets'!$AB:$AB, ""(?i)""&TRIM(D39)), 'OLT DOWN Tickets'!$L:$L=""OLT UPLINK DOWN""), 1), """")"),"") | M39: =IFERROR(__xludf.DUMMYFUNCTION("IFERROR(INDEX(FILTER('OLT DOWN Tickets'!$F:$F, REGEXMATCH('OLT DOWN Tickets'!$AB:$AB, ""(?i)""&TRIM(D39)), 'OLT DOWN Tickets'!$L:$L=""OLT SERVICE DEGRADATION""), 1), """") "),"") | N39: FALSE | O39: FALSE | P39: FALSE | Q39: FALSE
B40: BENGUET | C40: BAGUIO CITY | D40: BGC009-OLT-01 | E40: =NOT(OR(F40, G40, H40, I40)) -> TRUE | F40: =COUNTIFS('OLT DOWN Tickets'!$AB:$AB, "*" & D40 & "*", 'OLT DOWN Tickets'!$L:$L, "OLT DOWN") > 0 -> FALSE | G40: =COUNTIFS('OLT DOWN Tickets'!$AB:$AB, "*" & D40 & "*", 'OLT DOWN Tickets'!$L:$L, "OLT UPLINK LOW POWER") > 0 -> FALSE | H40: =COUNTIFS('OLT DOWN Tickets'!$AB:$AB, "*" & D40 & "*", 'OLT DOWN Tickets'!$L:$L, "OLT UPLINK DOWN") > 0 -> FALSE | I40: =COUNTIFS('OLT DOWN Tickets'!$AB:$AB, "*" & D40 & "*", 'OLT DOWN Tickets'!$L:$L, "OLT SERVICE DEGRADATION") > 0 -> FALSE | J40: =IFERROR(__xludf.DUMMYFUNCTION("IFERROR(INDEX(FILTER('OLT DOWN Tickets'!$F:$F, REGEXMATCH('OLT DOWN Tickets'!$AB:$AB, ""(?i)""&TRIM(D40)), 'OLT DOWN Tickets'!$L:$L=""OLT DOWN""), 1), """")"),"") | K40: =IFERROR(__xludf.DUMMYFUNCTION("IFERROR(INDEX(FILTER('OLT DOWN Tickets'!$F:$F, REGEXMATCH('OLT DOWN Tickets'!$AB:$AB, ""(?i)""&TRIM(D40)), 'OLT DOWN Tickets'!$L:$L=""OLT UPLINK LOW POWER""), 1), """")"),"") | L40: =IFERROR(__xludf.DUMMYFUNCTION("IFERROR(INDEX(FILTER('OLT DOWN Tickets'!$F:$F, REGEXMATCH('OLT DOWN Tickets'!$AB:$AB, ""(?i)""&TRIM(D40)), 'OLT DOWN Tickets'!$L:$L=""OLT UPLINK DOWN""), 1), """")"),"") | M40: =IFERROR(__xludf.DUMMYFUNCTION("IFERROR(INDEX(FILTER('OLT DOWN Tickets'!$F:$F, REGEXMATCH('OLT DOWN Tickets'!$AB:$AB, ""(?i)""&TRIM(D40)), 'OLT DOWN Tickets'!$L:$L=""OLT SERVICE DEGRADATION""), 1), """") "),"") | N40: FALSE | O40: FALSE | P40: FALSE | Q40: FALSE
B41: BENGUET | C41: BAGUIO CITY | D41: BGC010-OLT-01 | E41: =NOT(OR(F41, G41, H41, I41)) -> TRUE | F41: =COUNTIFS('OLT DOWN Tickets'!$AB:$AB, "*" & D41 & "*", 'OLT DOWN Tickets'!$L:$L, "OLT DOWN") > 0 -> FALSE | G41: =COUNTIFS('OLT DOWN Tickets'!$AB:$AB, "*" & D41 & "*", 'OLT DOWN Tickets'!$L:$L, "OLT UPLINK LOW POWER") > 0 -> FALSE | H41: =COUNTIFS('OLT DOWN Tickets'!$AB:$AB, "*" & D41 & "*", 'OLT DOWN Tickets'!$L:$L, "OLT UPLINK DOWN") > 0 -> FALSE | I41: =COUNTIFS('OLT DOWN Tickets'!$AB:$AB, "*" & D41 & "*", 'OLT DOWN Tickets'!$L:$L, "OLT SERVICE DEGRADATION") > 0 -> FALSE | J41: =IFERROR(__xludf.DUMMYFUNCTION("IFERROR(INDEX(FILTER('OLT DOWN Tickets'!$F:$F, REGEXMATCH('OLT DOWN Tickets'!$AB:$AB, ""(?i)""&TRIM(D41)), 'OLT DOWN Tickets'!$L:$L=""OLT DOWN""), 1), """")"),"") | K41: =IFERROR(__xludf.DUMMYFUNCTION("IFERROR(INDEX(FILTER('OLT DOWN Tickets'!$F:$F, REGEXMATCH('OLT DOWN Tickets'!$AB:$AB, ""(?i)""&TRIM(D41)), 'OLT DOWN Tickets'!$L:$L=""OLT UPLINK LOW POWER""), 1), """")"),"") | L41: =IFERROR(__xludf.DUMMYFUNCTION("IFERROR(INDEX(FILTER('OLT DOWN Tickets'!$F:$F, REGEXMATCH('OLT DOWN Tickets'!$AB:$AB, ""(?i)""&TRIM(D41)), 'OLT DOWN Tickets'!$L:$L=""OLT UPLINK DOWN""), 1), """")"),"") | M41: =IFERROR(__xludf.DUMMYFUNCTION("IFERROR(INDEX(FILTER('OLT DOWN Tickets'!$F:$F, REGEXMATCH('OLT DOWN Tickets'!$AB:$AB, ""(?i)""&TRIM(D41)), 'OLT DOWN Tickets'!$L:$L=""OLT SERVICE DEGRADATION""), 1), """") "),"") | N41: FALSE | O41: FALSE | P41: FALSE | Q41: FALSE
B42: BENGUET | C42: BAGUIO CITY | D42: BGC014-OLT-01 | E42: =NOT(OR(F42, G42, H42, I42)) -> TRUE | F42: =COUNTIFS('OLT DOWN Tickets'!$AB:$AB, "*" & D42 & "*", 'OLT DOWN Tickets'!$L:$L, "OLT DOWN") > 0 -> FALSE | G42: =COUNTIFS('OLT DOWN Tickets'!$AB:$AB, "*" & D42 & "*", 'OLT DOWN Tickets'!$L:$L, "OLT UPLINK LOW POWER") > 0 -> FALSE | H42: =COUNTIFS('OLT DOWN Tickets'!$AB:$AB, "*" & D42 & "*", 'OLT DOWN Tickets'!$L:$L, "OLT UPLINK DOWN") > 0 -> FALSE | I42: =COUNTIFS('OLT DOWN Tickets'!$AB:$AB, "*" & D42 & "*", 'OLT DOWN Tickets'!$L:$L, "OLT SERVICE DEGRADATION") > 0 -> FALSE | J42: =IFERROR(__xludf.DUMMYFUNCTION("IFERROR(INDEX(FILTER('OLT DOWN Tickets'!$F:$F, REGEXMATCH('OLT DOWN Tickets'!$AB:$AB, ""(?i)""&TRIM(D42)), 'OLT DOWN Tickets'!$L:$L=""OLT DOWN""), 1), """")"),"") | K42: =IFERROR(__xludf.DUMMYFUNCTION("IFERROR(INDEX(FILTER('OLT DOWN Tickets'!$F:$F, REGEXMATCH('OLT DOWN Tickets'!$AB:$AB, ""(?i)""&TRIM(D42)), 'OLT DOWN Tickets'!$L:$L=""OLT UPLINK LOW POWER""), 1), """")"),"") | L42: =IFERROR(__xludf.DUMMYFUNCTION("IFERROR(INDEX(FILTER('OLT DOWN Tickets'!$F:$F, REGEXMATCH('OLT DOWN Tickets'!$AB:$AB, ""(?i)""&TRIM(D42)), 'OLT DOWN Tickets'!$L:$L=""OLT UPLINK DOWN""), 1), """")"),"") | M42: =IFERROR(__xludf.DUMMYFUNCTION("IFERROR(INDEX(FILTER('OLT DOWN Tickets'!$F:$F, REGEXMATCH('OLT DOWN Tickets'!$AB:$AB, ""(?i)""&TRIM(D42)), 'OLT DOWN Tickets'!$L:$L=""OLT SERVICE DEGRADATION""), 1), """") "),"") | N42: FALSE | O42: FALSE | P42: FALSE | Q42: FALSE
B43: BENGUET | C43: BAGUIO CITY | D43: BGC005-OLT-05 | E43: =NOT(OR(F43, G43, H43, I43)) -> TRUE | F43: =COUNTIFS('OLT DOWN Tickets'!$AB:$AB, "*" & D43 & "*", 'OLT DOWN Tickets'!$L:$L, "OLT DOWN") > 0 -> FALSE | G43: =COUNTIFS('OLT DOWN Tickets'!$AB:$AB, "*" & D43 & "*", 'OLT DOWN Tickets'!$L:$L, "OLT UPLINK LOW POWER") > 0 -> FALSE | H43: =COUNTIFS('OLT DOWN Tickets'!$AB:$AB, "*" & D43 & "*", 'OLT DOWN Tickets'!$L:$L, "OLT UPLINK DOWN") > 0 -> FALSE | I43: =COUNTIFS('OLT DOWN Tickets'!$AB:$AB, "*" & D43 & "*", 'OLT DOWN Tickets'!$L:$L, "OLT SERVICE DEGRADATION") > 0 -> FALSE | J43: =IFERROR(__xludf.DUMMYFUNCTION("IFERROR(INDEX(FILTER('OLT DOWN Tickets'!$F:$F, REGEXMATCH('OLT DOWN Tickets'!$AB:$AB, ""(?i)""&TRIM(D43)), 'OLT DOWN Tickets'!$L:$L=""OLT DOWN""), 1), """")"),"") | K43: =IFERROR(__xludf.DUMMYFUNCTION("IFERROR(INDEX(FILTER('OLT DOWN Tickets'!$F:$F, REGEXMATCH('OLT DOWN Tickets'!$AB:$AB, ""(?i)""&TRIM(D43)), 'OLT DOWN Tickets'!$L:$L=""OLT UPLINK LOW POWER""), 1), """")"),"") | L43: =IFERROR(__xludf.DUMMYFUNCTION("IFERROR(INDEX(FILTER('OLT DOWN Tickets'!$F:$F, REGEXMATCH('OLT DOWN Tickets'!$AB:$AB, ""(?i)""&TRIM(D43)), 'OLT DOWN Tickets'!$L:$L=""OLT UPLINK DOWN""), 1), """")"),"") | M43: =IFERROR(__xludf.DUMMYFUNCTION("IFERROR(INDEX(FILTER('OLT DOWN Tickets'!$F:$F, REGEXMATCH('OLT DOWN Tickets'!$AB:$AB, ""(?i)""&TRIM(D43)), 'OLT DOWN Tickets'!$L:$L=""OLT SERVICE DEGRADATION""), 1), """") "),"") | N43: FALSE | O43: FALSE | P43: FALSE | Q43: FALSE
B44: BENGUET | C44: BAGUIO CITY | D44: BGC008-OLT-02 | E44: =NOT(OR(F44, G44, H44, I44)) -> TRUE | F44: =COUNTIFS('OLT DOWN Tickets'!$AB:$AB, "*" & D44 & "*", 'OLT DOWN Tickets'!$L:$L, "OLT DOWN") > 0 -> FALSE | G44: =COUNTIFS('OLT DOWN Tickets'!$AB:$AB, "*" & D44 & "*", 'OLT DOWN Tickets'!$L:$L, "OLT UPLINK LOW POWER") > 0 -> FALSE | H44: =COUNTIFS('OLT DOWN Tickets'!$AB:$AB, "*" & D44 & "*", 'OLT DOWN Tickets'!$L:$L, "OLT UPLINK DOWN") > 0 -> FALSE | I44: =COUNTIFS('OLT DOWN Tickets'!$AB:$AB, "*" & D44 & "*", 'OLT DOWN Tickets'!$L:$L, "OLT SERVICE DEGRADATION") > 0 -> FALSE | J44: =IFERROR(__xludf.DUMMYFUNCTION("IFERROR(INDEX(FILTER('OLT DOWN Tickets'!$F:$F, REGEXMATCH('OLT DOWN Tickets'!$AB:$AB, ""(?i)""&TRIM(D44)), 'OLT DOWN Tickets'!$L:$L=""OLT DOWN""), 1), """")"),"") | K44: =IFERROR(__xludf.DUMMYFUNCTION("IFERROR(INDEX(FILTER('OLT DOWN Tickets'!$F:$F, REGEXMATCH('OLT DOWN Tickets'!$AB:$AB, ""(?i)""&TRIM(D44)), 'OLT DOWN Tickets'!$L:$L=""OLT UPLINK LOW POWER""), 1), """")"),"") | L44: =IFERROR(__xludf.DUMMYFUNCTION("IFERROR(INDEX(FILTER('OLT DOWN Tickets'!$F:$F, REGEXMATCH('OLT DOWN Tickets'!$AB:$AB, ""(?i)""&TRIM(D44)), 'OLT DOWN Tickets'!$L:$L=""OLT UPLINK DOWN""), 1), """")"),"") | M44: =IFERROR(__xludf.DUMMYFUNCTION("IFERROR(INDEX(FILTER('OLT DOWN Tickets'!$F:$F, REGEXMATCH('OLT DOWN Tickets'!$AB:$AB, ""(?i)""&TRIM(D44)), 'OLT DOWN Tickets'!$L:$L=""OLT SERVICE DEGRADATION""), 1), """") "),"") | N44: FALSE | O44: FALSE | P44: FALSE | Q44: FALSE
B45: BENGUET | C45: BAGUIO CITY | D45: BGC015-OLT-01 | E45: =NOT(OR(F45, G45, H45, I45)) -> TRUE | F45: =COUNTIFS('OLT DOWN Tickets'!$AB:$AB, "*" & D45 & "*", 'OLT DOWN Tickets'!$L:$L, "OLT DOWN") > 0 -> FALSE | G45: =COUNTIFS('OLT DOWN Tickets'!$AB:$AB, "*" & D45 & "*", 'OLT DOWN Tickets'!$L:$L, "OLT UPLINK LOW POWER") > 0 -> FALSE | H45: =COUNTIFS('OLT DOWN Tickets'!$AB:$AB, "*" & D45 & "*", 'OLT DOWN Tickets'!$L:$L, "OLT UPLINK DOWN") > 0 -> FALSE | I45: =COUNTIFS('OLT DOWN Tickets'!$AB:$AB, "*" & D45 & "*", 'OLT DOWN Tickets'!$L:$L, "OLT SERVICE DEGRADATION") > 0 -> FALSE | J45: =IFERROR(__xludf.DUMMYFUNCTION("IFERROR(INDEX(FILTER('OLT DOWN Tickets'!$F:$F, REGEXMATCH('OLT DOWN Tickets'!$AB:$AB, ""(?i)""&TRIM(D45)), 'OLT DOWN Tickets'!$L:$L=""OLT DOWN""), 1), """")"),"") | K45: =IFERROR(__xludf.DUMMYFUNCTION("IFERROR(INDEX(FILTER('OLT DOWN Tickets'!$F:$F, REGEXMATCH('OLT DOWN Tickets'!$AB:$AB, ""(?i)""&TRIM(D45)), 'OLT DOWN Tickets'!$L:$L=""OLT UPLINK LOW POWER""), 1), """")"),"") | L45: =IFERROR(__xludf.DUMMYFUNCTION("IFERROR(INDEX(FILTER('OLT DOWN Tickets'!$F:$F, REGEXMATCH('OLT DOWN Tickets'!$AB:$AB, ""(?i)""&TRIM(D45)), 'OLT DOWN Tickets'!$L:$L=""OLT UPLINK DOWN""), 1), """")"),"") | M45: =IFERROR(__xludf.DUMMYFUNCTION("IFERROR(INDEX(FILTER('OLT DOWN Tickets'!$F:$F, REGEXMATCH('OLT DOWN Tickets'!$AB:$AB, ""(?i)""&TRIM(D45)), 'OLT DOWN Tickets'!$L:$L=""OLT SERVICE DEGRADATION""), 1), """") "),"") | N45: FALSE | O45: FALSE | P45: FALSE | Q45: FALSE
B46: BENGUET | C46: BAGUIO CITY | D46: BGC005-OLT-07 | E46: =NOT(OR(F46, G46, H46, I46)) -> TRUE | F46: =COUNTIFS('OLT DOWN Tickets'!$AB:$AB, "*" & D46 & "*", 'OLT DOWN Tickets'!$L:$L, "OLT DOWN") > 0 -> FALSE | G46: =COUNTIFS('OLT DOWN Tickets'!$AB:$AB, "*" & D46 & "*", 'OLT DOWN Tickets'!$L:$L, "OLT UPLINK LOW POWER") > 0 -> FALSE | H46: =COUNTIFS('OLT DOWN Tickets'!$AB:$AB, "*" & D46 & "*", 'OLT DOWN Tickets'!$L:$L, "OLT UPLINK DOWN") > 0 -> FALSE | I46: =COUNTIFS('OLT DOWN Tickets'!$AB:$AB, "*" & D46 & "*", 'OLT DOWN Tickets'!$L:$L, "OLT SERVICE DEGRADATION") > 0 -> FALSE | J46: =IFERROR(__xludf.DUMMYFUNCTION("IFERROR(INDEX(FILTER('OLT DOWN Tickets'!$F:$F, REGEXMATCH('OLT DOWN Tickets'!$AB:$AB, ""(?i)""&TRIM(D46)), 'OLT DOWN Tickets'!$L:$L=""OLT DOWN""), 1), """")"),"") | K46: =IFERROR(__xludf.DUMMYFUNCTION("IFERROR(INDEX(FILTER('OLT DOWN Tickets'!$F:$F, REGEXMATCH('OLT DOWN Tickets'!$AB:$AB, ""(?i)""&TRIM(D46)), 'OLT DOWN Tickets'!$L:$L=""OLT UPLINK LOW POWER""), 1), """")"),"") | L46: =IFERROR(__xludf.DUMMYFUNCTION("IFERROR(INDEX(FILTER('OLT DOWN Tickets'!$F:$F, REGEXMATCH('OLT DOWN Tickets'!$AB:$AB, ""(?i)""&TRIM(D46)), 'OLT DOWN Tickets'!$L:$L=""OLT UPLINK DOWN""), 1), """")"),"") | M46: =IFERROR(__xludf.DUMMYFUNCTION("IFERROR(INDEX(FILTER('OLT DOWN Tickets'!$F:$F, REGEXMATCH('OLT DOWN Tickets'!$AB:$AB, ""(?i)""&TRIM(D46)), 'OLT DOWN Tickets'!$L:$L=""OLT SERVICE DEGRADATION""), 1), """") "),"") | N46: FALSE | O46: FALSE | P46: FALSE | Q46: FALSE
B47: BENGUET | C47: BAKUN | D47: BNB001-OLT-01 | E47: =NOT(OR(F47, G47, H47, I47)) -> TRUE | F47: =COUNTIFS('OLT DOWN Tickets'!$AB:$AB, "*" & D47 & "*", 'OLT DOWN Tickets'!$L:$L, "OLT DOWN") > 0 -> FALSE | G47: =COUNTIFS('OLT DOWN Tickets'!$AB:$AB, "*" & D47 & "*", 'OLT DOWN Tickets'!$L:$L, "OLT UPLINK LOW POWER") > 0 -> FALSE | H47: =COUNTIFS('OLT DOWN Tickets'!$AB:$AB, "*" & D47 & "*", 'OLT DOWN Tickets'!$L:$L, "OLT UPLINK DOWN") > 0 -> FALSE | I47: =COUNTIFS('OLT DOWN Tickets'!$AB:$AB, "*" & D47 & "*", 'OLT DOWN Tickets'!$L:$L, "OLT SERVICE DEGRADATION") > 0 -> FALSE | J47: =IFERROR(__xludf.DUMMYFUNCTION("IFERROR(INDEX(FILTER('OLT DOWN Tickets'!$F:$F, REGEXMATCH('OLT DOWN Tickets'!$AB:$AB, ""(?i)""&TRIM(D47)), 'OLT DOWN Tickets'!$L:$L=""OLT DOWN""), 1), """")"),"") | K47: =IFERROR(__xludf.DUMMYFUNCTION("IFERROR(INDEX(FILTER('OLT DOWN Tickets'!$F:$F, REGEXMATCH('OLT DOWN Tickets'!$AB:$AB, ""(?i)""&TRIM(D47)), 'OLT DOWN Tickets'!$L:$L=""OLT UPLINK LOW POWER""), 1), """")"),"") | L47: =IFERROR(__xludf.DUMMYFUNCTION("IFERROR(INDEX(FILTER('OLT DOWN Tickets'!$F:$F, REGEXMATCH('OLT DOWN Tickets'!$AB:$AB, ""(?i)""&TRIM(D47)), 'OLT DOWN Tickets'!$L:$L=""OLT UPLINK DOWN""), 1), """")"),"") | M47: =IFERROR(__xludf.DUMMYFUNCTION("IFERROR(INDEX(FILTER('OLT DOWN Tickets'!$F:$F, REGEXMATCH('OLT DOWN Tickets'!$AB:$AB, ""(?i)""&TRIM(D47)), 'OLT DOWN Tickets'!$L:$L=""OLT SERVICE DEGRADATION""), 1), """") "),"") | N47: FALSE | O47: FALSE | P47: FALSE | Q47: FALSE
B48: BENGUET | C48: BOKOD | D48: BKB001-OLT-01 | E48: =NOT(OR(F48, G48, H48, I48)) -> TRUE | F48: =COUNTIFS('OLT DOWN Tickets'!$AB:$AB, "*" & D48 & "*", 'OLT DOWN Tickets'!$L:$L, "OLT DOWN") > 0 -> FALSE | G48: =COUNTIFS('OLT DOWN Tickets'!$AB:$AB, "*" & D48 & "*", 'OLT DOWN Tickets'!$L:$L, "OLT UPLINK LOW POWER") > 0 -> FALSE | H48: =COUNTIFS('OLT DOWN Tickets'!$AB:$AB, "*" & D48 & "*", 'OLT DOWN Tickets'!$L:$L, "OLT UPLINK DOWN") > 0 -> FALSE | I48: =COUNTIFS('OLT DOWN Tickets'!$AB:$AB, "*" & D48 & "*", 'OLT DOWN Tickets'!$L:$L, "OLT SERVICE DEGRADATION") > 0 -> FALSE | J48: =IFERROR(__xludf.DUMMYFUNCTION("IFERROR(INDEX(FILTER('OLT DOWN Tickets'!$F:$F, REGEXMATCH('OLT DOWN Tickets'!$AB:$AB, ""(?i)""&TRIM(D48)), 'OLT DOWN Tickets'!$L:$L=""OLT DOWN""), 1), """")"),"") | K48: =IFERROR(__xludf.DUMMYFUNCTION("IFERROR(INDEX(FILTER('OLT DOWN Tickets'!$F:$F, REGEXMATCH('OLT DOWN Tickets'!$AB:$AB, ""(?i)""&TRIM(D48)), 'OLT DOWN Tickets'!$L:$L=""OLT UPLINK LOW POWER""), 1), """")"),"") | L48: =IFERROR(__xludf.DUMMYFUNCTION("IFERROR(INDEX(FILTER('OLT DOWN Tickets'!$F:$F, REGEXMATCH('OLT DOWN Tickets'!$AB:$AB, ""(?i)""&TRIM(D48)), 'OLT DOWN Tickets'!$L:$L=""OLT UPLINK DOWN""), 1), """")"),"") | M48: =IFERROR(__xludf.DUMMYFUNCTION("IFERROR(INDEX(FILTER('OLT DOWN Tickets'!$F:$F, REGEXMATCH('OLT DOWN Tickets'!$AB:$AB, ""(?i)""&TRIM(D48)), 'OLT DOWN Tickets'!$L:$L=""OLT SERVICE DEGRADATION""), 1), """") "),"") | N48: FALSE | O48: FALSE | P48: FALSE | Q48: FALSE
B49: BENGUET | C49: BUGUIAS | D49: BGB001-OLT-01 | E49: =NOT(OR(F49, G49, H49, I49)) -> TRUE | F49: =COUNTIFS('OLT DOWN Tickets'!$AB:$AB, "*" & D49 & "*", 'OLT DOWN Tickets'!$L:$L, "OLT DOWN") > 0 -> FALSE | G49: =COUNTIFS('OLT DOWN Tickets'!$AB:$AB, "*" & D49 & "*", 'OLT DOWN Tickets'!$L:$L, "OLT UPLINK LOW POWER") > 0 -> FALSE | H49: =COUNTIFS('OLT DOWN Tickets'!$AB:$AB, "*" & D49 & "*", 'OLT DOWN Tickets'!$L:$L, "OLT UPLINK DOWN") > 0 -> FALSE | I49: =COUNTIFS('OLT DOWN Tickets'!$AB:$AB, "*" & D49 & "*", 'OLT DOWN Tickets'!$L:$L, "OLT SERVICE DEGRADATION") > 0 -> FALSE | J49: =IFERROR(__xludf.DUMMYFUNCTION("IFERROR(INDEX(FILTER('OLT DOWN Tickets'!$F:$F, REGEXMATCH('OLT DOWN Tickets'!$AB:$AB, ""(?i)""&TRIM(D49)), 'OLT DOWN Tickets'!$L:$L=""OLT DOWN""), 1), """")"),"") | K49: =IFERROR(__xludf.DUMMYFUNCTION("IFERROR(INDEX(FILTER('OLT DOWN Tickets'!$F:$F, REGEXMATCH('OLT DOWN Tickets'!$AB:$AB, ""(?i)""&TRIM(D49)), 'OLT DOWN Tickets'!$L:$L=""OLT UPLINK LOW POWER""), 1), """")"),"") | L49: =IFERROR(__xludf.DUMMYFUNCTION("IFERROR(INDEX(FILTER('OLT DOWN Tickets'!$F:$F, REGEXMATCH('OLT DOWN Tickets'!$AB:$AB, ""(?i)""&TRIM(D49)), 'OLT DOWN Tickets'!$L:$L=""OLT UPLINK DOWN""), 1), """")"),"") | M49: =IFERROR(__xludf.DUMMYFUNCTION("IFERROR(INDEX(FILTER('OLT DOWN Tickets'!$F:$F, REGEXMATCH('OLT DOWN Tickets'!$AB:$AB, ""(?i)""&TRIM(D49)), 'OLT DOWN Tickets'!$L:$L=""OLT SERVICE DEGRADATION""), 1), """") "),"") | N49: FALSE | O49: FALSE | P49: FALSE | Q49: FALSE
B50: BENGUET | C50: BUGUIAS | D50: BGB002-OLT-01 | E50: =NOT(OR(F50, G50, H50, I50)) -> TRUE | F50: =COUNTIFS('OLT DOWN Tickets'!$AB:$AB, "*" & D50 & "*", 'OLT DOWN Tickets'!$L:$L, "OLT DOWN") > 0 -> FALSE | G50: =COUNTIFS('OLT DOWN Tickets'!$AB:$AB, "*" & D50 & "*", 'OLT DOWN Tickets'!$L:$L, "OLT UPLINK LOW POWER") > 0 -> FALSE | H50: =COUNTIFS('OLT DOWN Tickets'!$AB:$AB, "*" & D50 & "*", 'OLT DOWN Tickets'!$L:$L, "OLT UPLINK DOWN") > 0 -> FALSE | I50: =COUNTIFS('OLT DOWN Tickets'!$AB:$AB, "*" & D50 & "*", 'OLT DOWN Tickets'!$L:$L, "OLT SERVICE DEGRADATION") > 0 -> FALSE | J50: =IFERROR(__xludf.DUMMYFUNCTION("IFERROR(INDEX(FILTER('OLT DOWN Tickets'!$F:$F, REGEXMATCH('OLT DOWN Tickets'!$AB:$AB, ""(?i)""&TRIM(D50)), 'OLT DOWN Tickets'!$L:$L=""OLT DOWN""), 1), """")"),"") | K50: =IFERROR(__xludf.DUMMYFUNCTION("IFERROR(INDEX(FILTER('OLT DOWN Tickets'!$F:$F, REGEXMATCH('OLT DOWN Tickets'!$AB:$AB, ""(?i)""&TRIM(D50)), 'OLT DOWN Tickets'!$L:$L=""OLT UPLINK LOW POWER""), 1), """")"),"") | L50: =IFERROR(__xludf.DUMMYFUNCTION("IFERROR(INDEX(FILTER('OLT DOWN Tickets'!$F:$F, REGEXMATCH('OLT DOWN Tickets'!$AB:$AB, ""(?i)""&TRIM(D50)), 'OLT DOWN Tickets'!$L:$L=""OLT UPLINK DOWN""), 1), """")"),"") | M50: =IFERROR(__xludf.DUMMYFUNCTION("IFERROR(INDEX(FILTER('OLT DOWN Tickets'!$F:$F, REGEXMATCH('OLT DOWN Tickets'!$AB:$AB, ""(?i)""&TRIM(D50)), 'OLT DOWN Tickets'!$L:$L=""OLT SERVICE DEGRADATION""), 1), """") "),"") | N50: FALSE | O50: FALSE | P50: FALSE | Q50: FALSE
B51: BENGUET | C51: ITOGON | D51: ITB001-OLT-01 | E51: =NOT(OR(F51, G51, H51, I51)) -> TRUE | F51: =COUNTIFS('OLT DOWN Tickets'!$AB:$AB, "*" & D51 & "*", 'OLT DOWN Tickets'!$L:$L, "OLT DOWN") > 0 -> FALSE | G51: =COUNTIFS('OLT DOWN Tickets'!$AB:$AB, "*" & D51 & "*", 'OLT DOWN Tickets'!$L:$L, "OLT UPLINK LOW POWER") > 0 -> FALSE | H51: =COUNTIFS('OLT DOWN Tickets'!$AB:$AB, "*" & D51 & "*", 'OLT DOWN Tickets'!$L:$L, "OLT UPLINK DOWN") > 0 -> FALSE | I51: =COUNTIFS('OLT DOWN Tickets'!$AB:$AB, "*" & D51 & "*", 'OLT DOWN Tickets'!$L:$L, "OLT SERVICE DEGRADATION") > 0 -> FALSE | J51: =IFERROR(__xludf.DUMMYFUNCTION("IFERROR(INDEX(FILTER('OLT DOWN Tickets'!$F:$F, REGEXMATCH('OLT DOWN Tickets'!$AB:$AB, ""(?i)""&TRIM(D51)), 'OLT DOWN Tickets'!$L:$L=""OLT DOWN""), 1), """")"),"") | K51: =IFERROR(__xludf.DUMMYFUNCTION("IFERROR(INDEX(FILTER('OLT DOWN Tickets'!$F:$F, REGEXMATCH('OLT DOWN Tickets'!$AB:$AB, ""(?i)""&TRIM(D51)), 'OLT DOWN Tickets'!$L:$L=""OLT UPLINK LOW POWER""), 1), """")"),"") | L51: =IFERROR(__xludf.DUMMYFUNCTION("IFERROR(INDEX(FILTER('OLT DOWN Tickets'!$F:$F, REGEXMATCH('OLT DOWN Tickets'!$AB:$AB, ""(?i)""&TRIM(D51)), 'OLT DOWN Tickets'!$L:$L=""OLT UPLINK DOWN""), 1), """")"),"") | M51: =IFERROR(__xludf.DUMMYFUNCTION("IFERROR(INDEX(FILTER('OLT DOWN Tickets'!$F:$F, REGEXMATCH('OLT DOWN Tickets'!$AB:$AB, ""(?i)""&TRIM(D51)), 'OLT DOWN Tickets'!$L:$L=""OLT SERVICE DEGRADATION""), 1), """") "),"") | N51: FALSE | O51: FALSE | P51: FALSE | Q51: FALSE
B52: BENGUET | C52: ITOGON | D52: ITB002-OLT-01 | E52: =NOT(OR(F52, G52, H52, I52)) -> TRUE | F52: =COUNTIFS('OLT DOWN Tickets'!$AB:$AB, "*" & D52 & "*", 'OLT DOWN Tickets'!$L:$L, "OLT DOWN") > 0 -> FALSE | G52: =COUNTIFS('OLT DOWN Tickets'!$AB:$AB, "*" & D52 & "*", 'OLT DOWN Tickets'!$L:$L, "OLT UPLINK LOW POWER") > 0 -> FALSE | H52: =COUNTIFS('OLT DOWN Tickets'!$AB:$AB, "*" & D52 & "*", 'OLT DOWN Tickets'!$L:$L, "OLT UPLINK DOWN") > 0 -> FALSE | I52: =COUNTIFS('OLT DOWN Tickets'!$AB:$AB, "*" & D52 & "*", 'OLT DOWN Tickets'!$L:$L, "OLT SERVICE DEGRADATION") > 0 -> FALSE | J52: =IFERROR(__xludf.DUMMYFUNCTION("IFERROR(INDEX(FILTER('OLT DOWN Tickets'!$F:$F, REGEXMATCH('OLT DOWN Tickets'!$AB:$AB, ""(?i)""&TRIM(D52)), 'OLT DOWN Tickets'!$L:$L=""OLT DOWN""), 1), """")"),"") | K52: =IFERROR(__xludf.DUMMYFUNCTION("IFERROR(INDEX(FILTER('OLT DOWN Tickets'!$F:$F, REGEXMATCH('OLT DOWN Tickets'!$AB:$AB, ""(?i)""&TRIM(D52)), 'OLT DOWN Tickets'!$L:$L=""OLT UPLINK LOW POWER""), 1), """")"),"") | L52: =IFERROR(__xludf.DUMMYFUNCTION("IFERROR(INDEX(FILTER('OLT DOWN Tickets'!$F:$F, REGEXMATCH('OLT DOWN Tickets'!$AB:$AB, ""(?i)""&TRIM(D52)), 'OLT DOWN Tickets'!$L:$L=""OLT UPLINK DOWN""), 1), """")"),"") | M52: =IFERROR(__xludf.DUMMYFUNCTION("IFERROR(INDEX(FILTER('OLT DOWN Tickets'!$F:$F, REGEXMATCH('OLT DOWN Tickets'!$AB:$AB, ""(?i)""&TRIM(D52)), 'OLT DOWN Tickets'!$L:$L=""OLT SERVICE DEGRADATION""), 1), """") "),"") | N52: FALSE | O52: FALSE | P52: FALSE | Q52: FALSE
B53: BENGUET | C53: ITOGON | D53: ITB003-OLT-01 | E53: =NOT(OR(F53, G53, H53, I53)) -> TRUE | F53: =COUNTIFS('OLT DOWN Tickets'!$AB:$AB, "*" & D53 & "*", 'OLT DOWN Tickets'!$L:$L, "OLT DOWN") > 0 -> FALSE | G53: =COUNTIFS('OLT DOWN Tickets'!$AB:$AB, "*" & D53 & "*", 'OLT DOWN Tickets'!$L:$L, "OLT UPLINK LOW POWER") > 0 -> FALSE | H53: =COUNTIFS('OLT DOWN Tickets'!$AB:$AB, "*" & D53 & "*", 'OLT DOWN Tickets'!$L:$L, "OLT UPLINK DOWN") > 0 -> FALSE | I53: =COUNTIFS('OLT DOWN Tickets'!$AB:$AB, "*" & D53 & "*", 'OLT DOWN Tickets'!$L:$L, "OLT SERVICE DEGRADATION") > 0 -> FALSE | J53: =IFERROR(__xludf.DUMMYFUNCTION("IFERROR(INDEX(FILTER('OLT DOWN Tickets'!$F:$F, REGEXMATCH('OLT DOWN Tickets'!$AB:$AB, ""(?i)""&TRIM(D53)), 'OLT DOWN Tickets'!$L:$L=""OLT DOWN""), 1), """")"),"") | K53: =IFERROR(__xludf.DUMMYFUNCTION("IFERROR(INDEX(FILTER('OLT DOWN Tickets'!$F:$F, REGEXMATCH('OLT DOWN Tickets'!$AB:$AB, ""(?i)""&TRIM(D53)), 'OLT DOWN Tickets'!$L:$L=""OLT UPLINK LOW POWER""), 1), """")"),"") | L53: =IFERROR(__xludf.DUMMYFUNCTION("IFERROR(INDEX(FILTER('OLT DOWN Tickets'!$F:$F, REGEXMATCH('OLT DOWN Tickets'!$AB:$AB, ""(?i)""&TRIM(D53)), 'OLT DOWN Tickets'!$L:$L=""OLT UPLINK DOWN""), 1), """")"),"") | M53: =IFERROR(__xludf.DUMMYFUNCTION("IFERROR(INDEX(FILTER('OLT DOWN Tickets'!$F:$F, REGEXMATCH('OLT DOWN Tickets'!$AB:$AB, ""(?i)""&TRIM(D53)), 'OLT DOWN Tickets'!$L:$L=""OLT SERVICE DEGRADATION""), 1), """") "),"") | N53: FALSE | O53: FALSE | P53: FALSE | Q53: FALSE
B54: BENGUET | C54: ITOGON | D54: ITB004-OLT-01 | E54: =NOT(OR(F54, G54, H54, I54)) -> TRUE | F54: =COUNTIFS('OLT DOWN Tickets'!$AB:$AB, "*" & D54 & "*", 'OLT DOWN Tickets'!$L:$L, "OLT DOWN") > 0 -> FALSE | G54: =COUNTIFS('OLT DOWN Tickets'!$AB:$AB, "*" & D54 & "*", 'OLT DOWN Tickets'!$L:$L, "OLT UPLINK LOW POWER") > 0 -> FALSE | H54: =COUNTIFS('OLT DOWN Tickets'!$AB:$AB, "*" & D54 & "*", 'OLT DOWN Tickets'!$L:$L, "OLT UPLINK DOWN") > 0 -> FALSE | I54: =COUNTIFS('OLT DOWN Tickets'!$AB:$AB, "*" & D54 & "*", 'OLT DOWN Tickets'!$L:$L, "OLT SERVICE DEGRADATION") > 0 -> FALSE | J54: =IFERROR(__xludf.DUMMYFUNCTION("IFERROR(INDEX(FILTER('OLT DOWN Tickets'!$F:$F, REGEXMATCH('OLT DOWN Tickets'!$AB:$AB, ""(?i)""&TRIM(D54)), 'OLT DOWN Tickets'!$L:$L=""OLT DOWN""), 1), """")"),"") | K54: =IFERROR(__xludf.DUMMYFUNCTION("IFERROR(INDEX(FILTER('OLT DOWN Tickets'!$F:$F, REGEXMATCH('OLT DOWN Tickets'!$AB:$AB, ""(?i)""&TRIM(D54)), 'OLT DOWN Tickets'!$L:$L=""OLT UPLINK LOW POWER""), 1), """")"),"") | L54: =IFERROR(__xludf.DUMMYFUNCTION("IFERROR(INDEX(FILTER('OLT DOWN Tickets'!$F:$F, REGEXMATCH('OLT DOWN Tickets'!$AB:$AB, ""(?i)""&TRIM(D54)), 'OLT DOWN Tickets'!$L:$L=""OLT UPLINK DOWN""), 1), """")"),"") | M54: =IFERROR(__xludf.DUMMYFUNCTION("IFERROR(INDEX(FILTER('OLT DOWN Tickets'!$F:$F, REGEXMATCH('OLT DOWN Tickets'!$AB:$AB, ""(?i)""&TRIM(D54)), 'OLT DOWN Tickets'!$L:$L=""OLT SERVICE DEGRADATION""), 1), """") "),"") | N54: FALSE | O54: FALSE | P54: FALSE | Q54: FALSE
B55: BENGUET | C55: KABAYAN | D55: KYB001-OLT-01 | E55: =NOT(OR(F55, G55, H55, I55)) -> FALSE | F55: =COUNTIFS('OLT DOWN Tickets'!$AB:$AB, "*" & D55 & "*", 'OLT DOWN Tickets'!$L:$L, "OLT DOWN") > 0 -> TRUE | G55: =COUNTIFS('OLT DOWN Tickets'!$AB:$AB, "*" & D55 & "*", 'OLT DOWN Tickets'!$L:$L, "OLT UPLINK LOW POWER") > 0 -> FALSE | H55: =COUNTIFS('OLT DOWN Tickets'!$AB:$AB, "*" & D55 & "*", 'OLT DOWN Tickets'!$L:$L, "OLT UPLINK DOWN") > 0 -> FALSE | I55: =COUNTIFS('OLT DOWN Tickets'!$AB:$AB, "*" & D55 & "*", 'OLT DOWN Tickets'!$L:$L, "OLT SERVICE DEGRADATION") > 0 -> FALSE | J55: =IFERROR(__xludf.DUMMYFUNCTION("IFERROR(INDEX(FILTER('OLT DOWN Tickets'!$F:$F, REGEXMATCH('OLT DOWN Tickets'!$AB:$AB, ""(?i)""&TRIM(D55)), 'OLT DOWN Tickets'!$L:$L=""OLT DOWN""), 1), """")"),"TT-20260806-00000620") -> TT-20260806-00000620 | K55: =IFERROR(__xludf.DUMMYFUNCTION("IFERROR(INDEX(FILTER('OLT DOWN Tickets'!$F:$F, REGEXMATCH('OLT DOWN Tickets'!$AB:$AB, ""(?i)""&TRIM(D55)), 'OLT DOWN Tickets'!$L:$L=""OLT UPLINK LOW POWER""), 1), """")"),"") | L55: =IFERROR(__xludf.DUMMYFUNCTION("IFERROR(INDEX(FILTER('OLT DOWN Tickets'!$F:$F, REGEXMATCH('OLT DOWN Tickets'!$AB:$AB, ""(?i)""&TRIM(D55)), 'OLT DOWN Tickets'!$L:$L=""OLT UPLINK DOWN""), 1), """")"),"") | M55: =IFERROR(__xludf.DUMMYFUNCTION("IFERROR(INDEX(FILTER('OLT DOWN Tickets'!$F:$F, REGEXMATCH('OLT DOWN Tickets'!$AB:$AB, ""(?i)""&TRIM(D55)), 'OLT DOWN Tickets'!$L:$L=""OLT SERVICE DEGRADATION""), 1), """") "),"") | N55: FALSE | O55: FALSE | P55: FALSE | Q55: FALSE
B56: BENGUET | C56: KIBUNGAN | D56: KIB002-OLT-01 | E56: =NOT(OR(F56, G56, H56, I56)) -> TRUE | F56: =COUNTIFS('OLT DOWN Tickets'!$AB:$AB, "*" & D56 & "*", 'OLT DOWN Tickets'!$L:$L, "OLT DOWN") > 0 -> FALSE | G56: =COUNTIFS('OLT DOWN Tickets'!$AB:$AB, "*" & D56 & "*", 'OLT DOWN Tickets'!$L:$L, "OLT UPLINK LOW POWER") > 0 -> FALSE | H56: =COUNTIFS('OLT DOWN Tickets'!$AB:$AB, "*" & D56 & "*", 'OLT DOWN Tickets'!$L:$L, "OLT UPLINK DOWN") > 0 -> FALSE | I56: =COUNTIFS('OLT DOWN Tickets'!$AB:$AB, "*" & D56 & "*", 'OLT DOWN Tickets'!$L:$L, "OLT SERVICE DEGRADATION") > 0 -> FALSE | J56: =IFERROR(__xludf.DUMMYFUNCTION("IFERROR(INDEX(FILTER('OLT DOWN Tickets'!$F:$F, REGEXMATCH('OLT DOWN Tickets'!$AB:$AB, ""(?i)""&TRIM(D56)), 'OLT DOWN Tickets'!$L:$L=""OLT DOWN""), 1), """")"),"") | K56: =IFERROR(__xludf.DUMMYFUNCTION("IFERROR(INDEX(FILTER('OLT DOWN Tickets'!$F:$F, REGEXMATCH('OLT DOWN Tickets'!$AB:$AB, ""(?i)""&TRIM(D56)), 'OLT DOWN Tickets'!$L:$L=""OLT UPLINK LOW POWER""), 1), """")"),"") | L56: =IFERROR(__xludf.DUMMYFUNCTION("IFERROR(INDEX(FILTER('OLT DOWN Tickets'!$F:$F, REGEXMATCH('OLT DOWN Tickets'!$AB:$AB, ""(?i)""&TRIM(D56)), 'OLT DOWN Tickets'!$L:$L=""OLT UPLINK DOWN""), 1), """")"),"") | M56: =IFERROR(__xludf.DUMMYFUNCTION("IFERROR(INDEX(FILTER('OLT DOWN Tickets'!$F:$F, REGEXMATCH('OLT DOWN Tickets'!$AB:$AB, ""(?i)""&TRIM(D56)), 'OLT DOWN Tickets'!$L:$L=""OLT SERVICE DEGRADATION""), 1), """") "),"") | N56: FALSE | O56: FALSE | P56: FALSE | Q56: FALSE
B57: BENGUET | C57: KIBUNGAN | D57: KIB001-OLT-01 | E57: =NOT(OR(F57, G57, H57, I57)) -> FALSE | F57: =COUNTIFS('OLT DOWN Tickets'!$AB:$AB, "*" & D57 & "*", 'OLT DOWN Tickets'!$L:$L, "OLT DOWN") > 0 -> FALSE | G57: =COUNTIFS('OLT DOWN Tickets'!$AB:$AB, "*" & D57 & "*", 'OLT DOWN Tickets'!$L:$L, "OLT UPLINK LOW POWER") > 0 -> TRUE | H57: =COUNTIFS('OLT DOWN Tickets'!$AB:$AB, "*" & D57 & "*", 'OLT DOWN Tickets'!$L:$L, "OLT UPLINK DOWN") > 0 -> FALSE | I57: =COUNTIFS('OLT DOWN Tickets'!$AB:$AB, "*" & D57 & "*", 'OLT DOWN Tickets'!$L:$L, "OLT SERVICE DEGRADATION") > 0 -> FALSE | J57: =IFERROR(__xludf.DUMMYFUNCTION("IFERROR(INDEX(FILTER('OLT DOWN Tickets'!$F:$F, REGEXMATCH('OLT DOWN Tickets'!$AB:$AB, ""(?i)""&TRIM(D57)), 'OLT DOWN Tickets'!$L:$L=""OLT DOWN""), 1), """")"),"") | K57: =IFERROR(__xludf.DUMMYFUNCTION("IFERROR(INDEX(FILTER('OLT DOWN Tickets'!$F:$F, REGEXMATCH('OLT DOWN Tickets'!$AB:$AB, ""(?i)""&TRIM(D57)), 'OLT DOWN Tickets'!$L:$L=""OLT UPLINK LOW POWER""), 1), """")"),"TT-20260814-00000434") -> TT-20260814-00000434 | L57: =IFERROR(__xludf.DUMMYFUNCTION("IFERROR(INDEX(FILTER('OLT DOWN Tickets'!$F:$F, REGEXMATCH('OLT DOWN Tickets'!$AB:$AB, ""(?i)""&TRIM(D57)), 'OLT DOWN Tickets'!$L:$L=""OLT UPLINK DOWN""), 1), """")"),"") | M57: =IFERROR(__xludf.DUMMYFUNCTION("IFERROR(INDEX(FILTER('OLT DOWN Tickets'!$F:$F, REGEXMATCH('OLT DOWN Tickets'!$AB:$AB, ""(?i)""&TRIM(D57)), 'OLT DOWN Tickets'!$L:$L=""OLT SERVICE DEGRADATION""), 1), """") "),"") | N57: FALSE | O57: FALSE | P57: FALSE | Q57: FALSE
B58: BENGUET | C58: LA TRINIDAD | D58: LTB001-OLT-01 | E58: =NOT(OR(F58, G58, H58, I58)) -> TRUE | F58: =COUNTIFS('OLT DOWN Tickets'!$AB:$AB, "*" & D58 & "*", 'OLT DOWN Tickets'!$L:$L, "OLT DOWN") > 0 -> FALSE | G58: =COUNTIFS('OLT DOWN Tickets'!$AB:$AB, "*" & D58 & "*", 'OLT DOWN Tickets'!$L:$L, "OLT UPLINK LOW POWER") > 0 -> FALSE | H58: =COUNTIFS('OLT DOWN Tickets'!$AB:$AB, "*" & D58 & "*", 'OLT DOWN Tickets'!$L:$L, "OLT UPLINK DOWN") > 0 -> FALSE | I58: =COUNTIFS('OLT DOWN Tickets'!$AB:$AB, "*" & D58 & "*", 'OLT DOWN Tickets'!$L:$L, "OLT SERVICE DEGRADATION") > 0 -> FALSE | J58: =IFERROR(__xludf.DUMMYFUNCTION("IFERROR(INDEX(FILTER('OLT DOWN Tickets'!$F:$F, REGEXMATCH('OLT DOWN Tickets'!$AB:$AB, ""(?i)""&TRIM(D58)), 'OLT DOWN Tickets'!$L:$L=""OLT DOWN""), 1), """")"),"") | K58: =IFERROR(__xludf.DUMMYFUNCTION("IFERROR(INDEX(FILTER('OLT DOWN Tickets'!$F:$F, REGEXMATCH('OLT DOWN Tickets'!$AB:$AB, ""(?i)""&TRIM(D58)), 'OLT DOWN Tickets'!$L:$L=""OLT UPLINK LOW POWER""), 1), """")"),"") | L58: =IFERROR(__xludf.DUMMYFUNCTION("IFERROR(INDEX(FILTER('OLT DOWN Tickets'!$F:$F, REGEXMATCH('OLT DOWN Tickets'!$AB:$AB, ""(?i)""&TRIM(D58)), 'OLT DOWN Tickets'!$L:$L=""OLT UPLINK DOWN""), 1), """")"),"") | M58: =IFERROR(__xludf.DUMMYFUNCTION("IFERROR(INDEX(FILTER('OLT DOWN Tickets'!$F:$F, REGEXMATCH('OLT DOWN Tickets'!$AB:$AB, ""(?i)""&TRIM(D58)), 'OLT DOWN Tickets'!$L:$L=""OLT SERVICE DEGRADATION""), 1), """") "),"") | N58: FALSE | O58: FALSE | P58: FALSE | Q58: FALSE
B59: BENGUET | C59: LA TRINIDAD | D59: LTB001-OLT-02 | E59: =NOT(OR(F59, G59, H59, I59)) -> TRUE | F59: =COUNTIFS('OLT DOWN Tickets'!$AB:$AB, "*" & D59 & "*", 'OLT DOWN Tickets'!$L:$L, "OLT DOWN") > 0 -> FALSE | G59: =COUNTIFS('OLT DOWN Tickets'!$AB:$AB, "*" & D59 & "*", 'OLT DOWN Tickets'!$L:$L, "OLT UPLINK LOW POWER") > 0 -> FALSE | H59: =COUNTIFS('OLT DOWN Tickets'!$AB:$AB, "*" & D59 & "*", 'OLT DOWN Tickets'!$L:$L, "OLT UPLINK DOWN") > 0 -> FALSE | I59: =COUNTIFS('OLT DOWN Tickets'!$AB:$AB, "*" & D59 & "*", 'OLT DOWN Tickets'!$L:$L, "OLT SERVICE DEGRADATION") > 0 -> FALSE | J59: =IFERROR(__xludf.DUMMYFUNCTION("IFERROR(INDEX(FILTER('OLT DOWN Tickets'!$F:$F, REGEXMATCH('OLT DOWN Tickets'!$AB:$AB, ""(?i)""&TRIM(D59)), 'OLT DOWN Tickets'!$L:$L=""OLT DOWN""), 1), """")"),"") | K59: =IFERROR(__xludf.DUMMYFUNCTION("IFERROR(INDEX(FILTER('OLT DOWN Tickets'!$F:$F, REGEXMATCH('OLT DOWN Tickets'!$AB:$AB, ""(?i)""&TRIM(D59)), 'OLT DOWN Tickets'!$L:$L=""OLT UPLINK LOW POWER""), 1), """")"),"") | L59: =IFERROR(__xludf.DUMMYFUNCTION("IFERROR(INDEX(FILTER('OLT DOWN Tickets'!$F:$F, REGEXMATCH('OLT DOWN Tickets'!$AB:$AB, ""(?i)""&TRIM(D59)), 'OLT DOWN Tickets'!$L:$L=""OLT UPLINK DOWN""), 1), """")"),"") | M59: =IFERROR(__xludf.DUMMYFUNCTION("IFERROR(INDEX(FILTER('OLT DOWN Tickets'!$F:$F, REGEXMATCH('OLT DOWN Tickets'!$AB:$AB, ""(?i)""&TRIM(D59)), 'OLT DOWN Tickets'!$L:$L=""OLT SERVICE DEGRADATION""), 1), """") "),"") | N59: FALSE | O59: FALSE | P59: FALSE | Q59: FALSE
B60: BENGUET | C60: LA TRINIDAD | D60: LTB002-OLT-01 | E60: =NOT(OR(F60, G60, H60, I60)) -> TRUE | F60: =COUNTIFS('OLT DOWN Tickets'!$AB:$AB, "*" & D60 & "*", 'OLT DOWN Tickets'!$L:$L, "OLT DOWN") > 0 -> FALSE | G60: =COUNTIFS('OLT DOWN Tickets'!$AB:$AB, "*" & D60 & "*", 'OLT DOWN Tickets'!$L:$L, "OLT UPLINK LOW POWER") > 0 -> FALSE | H60: =COUNTIFS('OLT DOWN Tickets'!$AB:$AB, "*" & D60 & "*", 'OLT DOWN Tickets'!$L:$L, "OLT UPLINK DOWN") > 0 -> FALSE | I60: =COUNTIFS('OLT DOWN Tickets'!$AB:$AB, "*" & D60 & "*", 'OLT DOWN Tickets'!$L:$L, "OLT SERVICE DEGRADATION") > 0 -> FALSE | J60: =IFERROR(__xludf.DUMMYFUNCTION("IFERROR(INDEX(FILTER('OLT DOWN Tickets'!$F:$F, REGEXMATCH('OLT DOWN Tickets'!$AB:$AB, ""(?i)""&TRIM(D60)), 'OLT DOWN Tickets'!$L:$L=""OLT DOWN""), 1), """")"),"") | K60: =IFERROR(__xludf.DUMMYFUNCTION("IFERROR(INDEX(FILTER('OLT DOWN Tickets'!$F:$F, REGEXMATCH('OLT DOWN Tickets'!$AB:$AB, ""(?i)""&TRIM(D60)), 'OLT DOWN Tickets'!$L:$L=""OLT UPLINK LOW POWER""), 1), """")"),"") | L60: =IFERROR(__xludf.DUMMYFUNCTION("IFERROR(INDEX(FILTER('OLT DOWN Tickets'!$F:$F, REGEXMATCH('OLT DOWN Tickets'!$AB:$AB, ""(?i)""&TRIM(D60)), 'OLT DOWN Tickets'!$L:$L=""OLT UPLINK DOWN""), 1), """")"),"") | M60: =IFERROR(__xludf.DUMMYFUNCTION("IFERROR(INDEX(FILTER('OLT DOWN Tickets'!$F:$F, REGEXMATCH('OLT DOWN Tickets'!$AB:$AB, ""(?i)""&TRIM(D60)), 'OLT DOWN Tickets'!$L:$L=""OLT SERVICE DEGRADATION""), 1), """") "),"") | N60: FALSE | O60: FALSE | P60: FALSE | Q60: FALSE
B61: BENGUET | C61: LA TRINIDAD | D61: LTB002-OLT-02 | E61: =NOT(OR(F61, G61, H61, I61)) -> TRUE | F61: =COUNTIFS('OLT DOWN Tickets'!$AB:$AB, "*" & D61 & "*", 'OLT DOWN Tickets'!$L:$L, "OLT DOWN") > 0 -> FALSE | G61: =COUNTIFS('OLT DOWN Tickets'!$AB:$AB, "*" & D61 & "*", 'OLT DOWN Tickets'!$L:$L, "OLT UPLINK LOW POWER") > 0 -> FALSE | H61: =COUNTIFS('OLT DOWN Tickets'!$AB:$AB, "*" & D61 & "*", 'OLT DOWN Tickets'!$L:$L, "OLT UPLINK DOWN") > 0 -> FALSE | I61: =COUNTIFS('OLT DOWN Tickets'!$AB:$AB, "*" & D61 & "*", 'OLT DOWN Tickets'!$L:$L, "OLT SERVICE DEGRADATION") > 0 -> FALSE | J61: =IFERROR(__xludf.DUMMYFUNCTION("IFERROR(INDEX(FILTER('OLT DOWN Tickets'!$F:$F, REGEXMATCH('OLT DOWN Tickets'!$AB:$AB, ""(?i)""&TRIM(D61)), 'OLT DOWN Tickets'!$L:$L=""OLT DOWN""), 1), """")"),"") | K61: =IFERROR(__xludf.DUMMYFUNCTION("IFERROR(INDEX(FILTER('OLT DOWN Tickets'!$F:$F, REGEXMATCH('OLT DOWN Tickets'!$AB:$AB, ""(?i)""&TRIM(D61)), 'OLT DOWN Tickets'!$L:$L=""OLT UPLINK LOW POWER""), 1), """")"),"") | L61: =IFERROR(__xludf.DUMMYFUNCTION("IFERROR(INDEX(FILTER('OLT DOWN Tickets'!$F:$F, REGEXMATCH('OLT DOWN Tickets'!$AB:$AB, ""(?i)""&TRIM(D61)), 'OLT DOWN Tickets'!$L:$L=""OLT UPLINK DOWN""), 1), """")"),"") | M61: =IFERROR(__xludf.DUMMYFUNCTION("IFERROR(INDEX(FILTER('OLT DOWN Tickets'!$F:$F, REGEXMATCH('OLT DOWN Tickets'!$AB:$AB, ""(?i)""&TRIM(D61)), 'OLT DOWN Tickets'!$L:$L=""OLT SERVICE DEGRADATION""), 1), """") "),"") | N61: FALSE | O61: FALSE | P61: FALSE | Q61: FALSE
B62: BENGUET | C62: LA TRINIDAD | D62: LTB001-OLT-03 | E62: =NOT(OR(F62, G62, H62, I62)) -> TRUE | F62: =COUNTIFS('OLT DOWN Tickets'!$AB:$AB, "*" & D62 & "*", 'OLT DOWN Tickets'!$L:$L, "OLT DOWN") > 0 -> FALSE | G62: =COUNTIFS('OLT DOWN Tickets'!$AB:$AB, "*" & D62 & "*", 'OLT DOWN Tickets'!$L:$L, "OLT UPLINK LOW POWER") > 0 -> FALSE | H62: =COUNTIFS('OLT DOWN Tickets'!$AB:$AB, "*" & D62 & "*", 'OLT DOWN Tickets'!$L:$L, "OLT UPLINK DOWN") > 0 -> FALSE | I62: =COUNTIFS('OLT DOWN Tickets'!$AB:$AB, "*" & D62 & "*", 'OLT DOWN Tickets'!$L:$L, "OLT SERVICE DEGRADATION") > 0 -> FALSE | J62: =IFERROR(__xludf.DUMMYFUNCTION("IFERROR(INDEX(FILTER('OLT DOWN Tickets'!$F:$F, REGEXMATCH('OLT DOWN Tickets'!$AB:$AB, ""(?i)""&TRIM(D62)), 'OLT DOWN Tickets'!$L:$L=""OLT DOWN""), 1), """")"),"") | K62: =IFERROR(__xludf.DUMMYFUNCTION("IFERROR(INDEX(FILTER('OLT DOWN Tickets'!$F:$F, REGEXMATCH('OLT DOWN Tickets'!$AB:$AB, ""(?i)""&TRIM(D62)), 'OLT DOWN Tickets'!$L:$L=""OLT UPLINK LOW POWER""), 1), """")"),"") | L62: =IFERROR(__xludf.DUMMYFUNCTION("IFERROR(INDEX(FILTER('OLT DOWN Tickets'!$F:$F, REGEXMATCH('OLT DOWN Tickets'!$AB:$AB, ""(?i)""&TRIM(D62)), 'OLT DOWN Tickets'!$L:$L=""OLT UPLINK DOWN""), 1), """")"),"") | M62: =IFERROR(__xludf.DUMMYFUNCTION("IFERROR(INDEX(FILTER('OLT DOWN Tickets'!$F:$F, REGEXMATCH('OLT DOWN Tickets'!$AB:$AB, ""(?i)""&TRIM(D62)), 'OLT DOWN Tickets'!$L:$L=""OLT SERVICE DEGRADATION""), 1), """") "),"") | N62: FALSE | O62: FALSE | P62: FALSE | Q62: FALSE
B63: BENGUET | C63: MANKAYAN | D63: MYB001-OLT-01 | E63: =NOT(OR(F63, G63, H63, I63)) -> TRUE | F63: =COUNTIFS('OLT DOWN Tickets'!$AB:$AB, "*" & D63 & "*", 'OLT DOWN Tickets'!$L:$L, "OLT DOWN") > 0 -> FALSE | G63: =COUNTIFS('OLT DOWN Tickets'!$AB:$AB, "*" & D63 & "*", 'OLT DOWN Tickets'!$L:$L, "OLT UPLINK LOW POWER") > 0 -> FALSE | H63: =COUNTIFS('OLT DOWN Tickets'!$AB:$AB, "*" & D63 & "*", 'OLT DOWN Tickets'!$L:$L, "OLT UPLINK DOWN") > 0 -> FALSE | I63: =COUNTIFS('OLT DOWN Tickets'!$AB:$AB, "*" & D63 & "*", 'OLT DOWN Tickets'!$L:$L, "OLT SERVICE DEGRADATION") > 0 -> FALSE | J63: =IFERROR(__xludf.DUMMYFUNCTION("IFERROR(INDEX(FILTER('OLT DOWN Tickets'!$F:$F, REGEXMATCH('OLT DOWN Tickets'!$AB:$AB, ""(?i)""&TRIM(D63)), 'OLT DOWN Tickets'!$L:$L=""OLT DOWN""), 1), """")"),"") | K63: =IFERROR(__xludf.DUMMYFUNCTION("IFERROR(INDEX(FILTER('OLT DOWN Tickets'!$F:$F, REGEXMATCH('OLT DOWN Tickets'!$AB:$AB, ""(?i)""&TRIM(D63)), 'OLT DOWN Tickets'!$L:$L=""OLT UPLINK LOW POWER""), 1), """")"),"") | L63: =IFERROR(__xludf.DUMMYFUNCTION("IFERROR(INDEX(FILTER('OLT DOWN Tickets'!$F:$F, REGEXMATCH('OLT DOWN Tickets'!$AB:$AB, ""(?i)""&TRIM(D63)), 'OLT DOWN Tickets'!$L:$L=""OLT UPLINK DOWN""), 1), """")"),"") | M63: =IFERROR(__xludf.DUMMYFUNCTION("IFERROR(INDEX(FILTER('OLT DOWN Tickets'!$F:$F, REGEXMATCH('OLT DOWN Tickets'!$AB:$AB, ""(?i)""&TRIM(D63)), 'OLT DOWN Tickets'!$L:$L=""OLT SERVICE DEGRADATION""), 1), """") "),"") | N63: FALSE | O63: FALSE | P63: FALSE | Q63: FALSE
B64: BENGUET | C64: SABLAN | D64: SBB001-OLT-01 | E64: =NOT(OR(F64, G64, H64, I64)) -> TRUE | F64: =COUNTIFS('OLT DOWN Tickets'!$AB:$AB, "*" & D64 & "*", 'OLT DOWN Tickets'!$L:$L, "OLT DOWN") > 0 -> FALSE | G64: =COUNTIFS('OLT DOWN Tickets'!$AB:$AB, "*" & D64 & "*", 'OLT DOWN Tickets'!$L:$L, "OLT UPLINK LOW POWER") > 0 -> FALSE | H64: =COUNTIFS('OLT DOWN Tickets'!$AB:$AB, "*" & D64 & "*", 'OLT DOWN Tickets'!$L:$L, "OLT UPLINK DOWN") > 0 -> FALSE | I64: =COUNTIFS('OLT DOWN Tickets'!$AB:$AB, "*" & D64 & "*", 'OLT DOWN Tickets'!$L:$L, "OLT SERVICE DEGRADATION") > 0 -> FALSE | J64: =IFERROR(__xludf.DUMMYFUNCTION("IFERROR(INDEX(FILTER('OLT DOWN Tickets'!$F:$F, REGEXMATCH('OLT DOWN Tickets'!$AB:$AB, ""(?i)""&TRIM(D64)), 'OLT DOWN Tickets'!$L:$L=""OLT DOWN""), 1), """")"),"") | K64: =IFERROR(__xludf.DUMMYFUNCTION("IFERROR(INDEX(FILTER('OLT DOWN Tickets'!$F:$F, REGEXMATCH('OLT DOWN Tickets'!$AB:$AB, ""(?i)""&TRIM(D64)), 'OLT DOWN Tickets'!$L:$L=""OLT UPLINK LOW POWER""), 1), """")"),"") | L64: =IFERROR(__xludf.DUMMYFUNCTION("IFERROR(INDEX(FILTER('OLT DOWN Tickets'!$F:$F, REGEXMATCH('OLT DOWN Tickets'!$AB:$AB, ""(?i)""&TRIM(D64)), 'OLT DOWN Tickets'!$L:$L=""OLT UPLINK DOWN""), 1), """")"),"") | M64: =IFERROR(__xludf.DUMMYFUNCTION("IFERROR(INDEX(FILTER('OLT DOWN Tickets'!$F:$F, REGEXMATCH('OLT DOWN Tickets'!$AB:$AB, ""(?i)""&TRIM(D64)), 'OLT DOWN Tickets'!$L:$L=""OLT SERVICE DEGRADATION""), 1), """") "),"") | N64: FALSE | O64: FALSE | P64: FALSE | Q64: FALSE
B65: BENGUET | C65: TUBA | D65: TBB005-OLT-01 | E65: =NOT(OR(F65, G65, H65, I65)) -> TRUE | F65: =COUNTIFS('OLT DOWN Tickets'!$AB:$AB, "*" & D65 & "*", 'OLT DOWN Tickets'!$L:$L, "OLT DOWN") > 0 -> FALSE | G65: =COUNTIFS('OLT DOWN Tickets'!$AB:$AB, "*" & D65 & "*", 'OLT DOWN Tickets'!$L:$L, "OLT UPLINK LOW POWER") > 0 -> FALSE | H65: =COUNTIFS('OLT DOWN Tickets'!$AB:$AB, "*" & D65 & "*", 'OLT DOWN Tickets'!$L:$L, "OLT UPLINK DOWN") > 0 -> FALSE | I65: =COUNTIFS('OLT DOWN Tickets'!$AB:$AB, "*" & D65 & "*", 'OLT DOWN Tickets'!$L:$L, "OLT SERVICE DEGRADATION") > 0 -> FALSE | J65: =IFERROR(__xludf.DUMMYFUNCTION("IFERROR(INDEX(FILTER('OLT DOWN Tickets'!$F:$F, REGEXMATCH('OLT DOWN Tickets'!$AB:$AB, ""(?i)""&TRIM(D65)), 'OLT DOWN Tickets'!$L:$L=""OLT DOWN""), 1), """")"),"") | K65: =IFERROR(__xludf.DUMMYFUNCTION("IFERROR(INDEX(FILTER('OLT DOWN Tickets'!$F:$F, REGEXMATCH('OLT DOWN Tickets'!$AB:$AB, ""(?i)""&TRIM(D65)), 'OLT DOWN Tickets'!$L:$L=""OLT UPLINK LOW POWER""), 1), """")"),"") | L65: =IFERROR(__xludf.DUMMYFUNCTION("IFERROR(INDEX(FILTER('OLT DOWN Tickets'!$F:$F, REGEXMATCH('OLT DOWN Tickets'!$AB:$AB, ""(?i)""&TRIM(D65)), 'OLT DOWN Tickets'!$L:$L=""OLT UPLINK DOWN""), 1), """")"),"") | M65: =IFERROR(__xludf.DUMMYFUNCTION("IFERROR(INDEX(FILTER('OLT DOWN Tickets'!$F:$F, REGEXMATCH('OLT DOWN Tickets'!$AB:$AB, ""(?i)""&TRIM(D65)), 'OLT DOWN Tickets'!$L:$L=""OLT SERVICE DEGRADATION""), 1), """") "),"") | N65: FALSE | O65: FALSE | P65: FALSE | Q65: FALSE
B66: BENGUET | C66: TUBA | D66: TBB001-OLT-01 | E66: =NOT(OR(F66, G66, H66, I66)) -> TRUE | F66: =COUNTIFS('OLT DOWN Tickets'!$AB:$AB, "*" & D66 & "*", 'OLT DOWN Tickets'!$L:$L, "OLT DOWN") > 0 -> FALSE | G66: =COUNTIFS('OLT DOWN Tickets'!$AB:$AB, "*" & D66 & "*", 'OLT DOWN Tickets'!$L:$L, "OLT UPLINK LOW POWER") > 0 -> FALSE | H66: =COUNTIFS('OLT DOWN Tickets'!$AB:$AB, "*" & D66 & "*", 'OLT DOWN Tickets'!$L:$L, "OLT UPLINK DOWN") > 0 -> FALSE | I66: =COUNTIFS('OLT DOWN Tickets'!$AB:$AB, "*" & D66 & "*", 'OLT DOWN Tickets'!$L:$L, "OLT SERVICE DEGRADATION") > 0 -> FALSE | J66: =IFERROR(__xludf.DUMMYFUNCTION("IFERROR(INDEX(FILTER('OLT DOWN Tickets'!$F:$F, REGEXMATCH('OLT DOWN Tickets'!$AB:$AB, ""(?i)""&TRIM(D66)), 'OLT DOWN Tickets'!$L:$L=""OLT DOWN""), 1), """")"),"") | K66: =IFERROR(__xludf.DUMMYFUNCTION("IFERROR(INDEX(FILTER('OLT DOWN Tickets'!$F:$F, REGEXMATCH('OLT DOWN Tickets'!$AB:$AB, ""(?i)""&TRIM(D66)), 'OLT DOWN Tickets'!$L:$L=""OLT UPLINK LOW POWER""), 1), """")"),"") | L66: =IFERROR(__xludf.DUMMYFUNCTION("IFERROR(INDEX(FILTER('OLT DOWN Tickets'!$F:$F, REGEXMATCH('OLT DOWN Tickets'!$AB:$AB, ""(?i)""&TRIM(D66)), 'OLT DOWN Tickets'!$L:$L=""OLT UPLINK DOWN""), 1), """")"),"") | M66: =IFERROR(__xludf.DUMMYFUNCTION("IFERROR(INDEX(FILTER('OLT DOWN Tickets'!$F:$F, REGEXMATCH('OLT DOWN Tickets'!$AB:$AB, ""(?i)""&TRIM(D66)), 'OLT DOWN Tickets'!$L:$L=""OLT SERVICE DEGRADATION""), 1), """") "),"") | N66: FALSE | O66: FALSE | P66: FALSE | Q66: FALSE
B67: BENGUET | C67: TUBA | D67: TBB002-OLT-02 | E67: =NOT(OR(F67, G67, H67, I67)) -> TRUE | F67: =COUNTIFS('OLT DOWN Tickets'!$AB:$AB, "*" & D67 & "*", 'OLT DOWN Tickets'!$L:$L, "OLT DOWN") > 0 -> FALSE | G67: =COUNTIFS('OLT DOWN Tickets'!$AB:$AB, "*" & D67 & "*", 'OLT DOWN Tickets'!$L:$L, "OLT UPLINK LOW POWER") > 0 -> FALSE | H67: =COUNTIFS('OLT DOWN Tickets'!$AB:$AB, "*" & D67 & "*", 'OLT DOWN Tickets'!$L:$L, "OLT UPLINK DOWN") > 0 -> FALSE | I67: =COUNTIFS('OLT DOWN Tickets'!$AB:$AB, "*" & D67 & "*", 'OLT DOWN Tickets'!$L:$L, "OLT SERVICE DEGRADATION") > 0 -> FALSE | J67: =IFERROR(__xludf.DUMMYFUNCTION("IFERROR(INDEX(FILTER('OLT DOWN Tickets'!$F:$F, REGEXMATCH('OLT DOWN Tickets'!$AB:$AB, ""(?i)""&TRIM(D67)), 'OLT DOWN Tickets'!$L:$L=""OLT DOWN""), 1), """")"),"") | K67: =IFERROR(__xludf.DUMMYFUNCTION("IFERROR(INDEX(FILTER('OLT DOWN Tickets'!$F:$F, REGEXMATCH('OLT DOWN Tickets'!$AB:$AB, ""(?i)""&TRIM(D67)), 'OLT DOWN Tickets'!$L:$L=""OLT UPLINK LOW POWER""), 1), """")"),"") | L67: =IFERROR(__xludf.DUMMYFUNCTION("IFERROR(INDEX(FILTER('OLT DOWN Tickets'!$F:$F, REGEXMATCH('OLT DOWN Tickets'!$AB:$AB, ""(?i)""&TRIM(D67)), 'OLT DOWN Tickets'!$L:$L=""OLT UPLINK DOWN""), 1), """")"),"") | M67: =IFERROR(__xludf.DUMMYFUNCTION("IFERROR(INDEX(FILTER('OLT DOWN Tickets'!$F:$F, REGEXMATCH('OLT DOWN Tickets'!$AB:$AB, ""(?i)""&TRIM(D67)), 'OLT DOWN Tickets'!$L:$L=""OLT SERVICE DEGRADATION""), 1), """") "),"") | N67: FALSE | O67: FALSE | P67: FALSE | Q67: FALSE
B68: BENGUET | C68: TUBA | D68: TBB002-OLT-01 | E68: =NOT(OR(F68, G68, H68, I68)) -> TRUE | F68: =COUNTIFS('OLT DOWN Tickets'!$AB:$AB, "*" & D68 & "*", 'OLT DOWN Tickets'!$L:$L, "OLT DOWN") > 0 -> FALSE | G68: =COUNTIFS('OLT DOWN Tickets'!$AB:$AB, "*" & D68 & "*", 'OLT DOWN Tickets'!$L:$L, "OLT UPLINK LOW POWER") > 0 -> FALSE | H68: =COUNTIFS('OLT DOWN Tickets'!$AB:$AB, "*" & D68 & "*", 'OLT DOWN Tickets'!$L:$L, "OLT UPLINK DOWN") > 0 -> FALSE | I68: =COUNTIFS('OLT DOWN Tickets'!$AB:$AB, "*" & D68 & "*", 'OLT DOWN Tickets'!$L:$L, "OLT SERVICE DEGRADATION") > 0 -> FALSE | J68: =IFERROR(__xludf.DUMMYFUNCTION("IFERROR(INDEX(FILTER('OLT DOWN Tickets'!$F:$F, REGEXMATCH('OLT DOWN Tickets'!$AB:$AB, ""(?i)""&TRIM(D68)), 'OLT DOWN Tickets'!$L:$L=""OLT DOWN""), 1), """")"),"") | K68: =IFERROR(__xludf.DUMMYFUNCTION("IFERROR(INDEX(FILTER('OLT DOWN Tickets'!$F:$F, REGEXMATCH('OLT DOWN Tickets'!$AB:$AB, ""(?i)""&TRIM(D68)), 'OLT DOWN Tickets'!$L:$L=""OLT UPLINK LOW POWER""), 1), """")"),"") | L68: =IFERROR(__xludf.DUMMYFUNCTION("IFERROR(INDEX(FILTER('OLT DOWN Tickets'!$F:$F, REGEXMATCH('OLT DOWN Tickets'!$AB:$AB, ""(?i)""&TRIM(D68)), 'OLT DOWN Tickets'!$L:$L=""OLT UPLINK DOWN""), 1), """")"),"") | M68: =IFERROR(__xludf.DUMMYFUNCTION("IFERROR(INDEX(FILTER('OLT DOWN Tickets'!$F:$F, REGEXMATCH('OLT DOWN Tickets'!$AB:$AB, ""(?i)""&TRIM(D68)), 'OLT DOWN Tickets'!$L:$L=""OLT SERVICE DEGRADATION""), 1), """") "),"") | N68: FALSE | O68: FALSE | P68: FALSE | Q68: FALSE
B69: BENGUET | C69: TUBA | D69: TBB003-OLT-02 | E69: =NOT(OR(F69, G69, H69, I69)) -> TRUE | F69: =COUNTIFS('OLT DOWN Tickets'!$AB:$AB, "*" & D69 & "*", 'OLT DOWN Tickets'!$L:$L, "OLT DOWN") > 0 -> FALSE | G69: =COUNTIFS('OLT DOWN Tickets'!$AB:$AB, "*" & D69 & "*", 'OLT DOWN Tickets'!$L:$L, "OLT UPLINK LOW POWER") > 0 -> FALSE | H69: =COUNTIFS('OLT DOWN Tickets'!$AB:$AB, "*" & D69 & "*", 'OLT DOWN Tickets'!$L:$L, "OLT UPLINK DOWN") > 0 -> FALSE | I69: =COUNTIFS('OLT DOWN Tickets'!$AB:$AB, "*" & D69 & "*", 'OLT DOWN Tickets'!$L:$L, "OLT SERVICE DEGRADATION") > 0 -> FALSE | J69: =IFERROR(__xludf.DUMMYFUNCTION("IFERROR(INDEX(FILTER('OLT DOWN Tickets'!$F:$F, REGEXMATCH('OLT DOWN Tickets'!$AB:$AB, ""(?i)""&TRIM(D69)), 'OLT DOWN Tickets'!$L:$L=""OLT DOWN""), 1), """")"),"") | K69: =IFERROR(__xludf.DUMMYFUNCTION("IFERROR(INDEX(FILTER('OLT DOWN Tickets'!$F:$F, REGEXMATCH('OLT DOWN Tickets'!$AB:$AB, ""(?i)""&TRIM(D69)), 'OLT DOWN Tickets'!$L:$L=""OLT UPLINK LOW POWER""), 1), """")"),"") | L69: =IFERROR(__xludf.DUMMYFUNCTION("IFERROR(INDEX(FILTER('OLT DOWN Tickets'!$F:$F, REGEXMATCH('OLT DOWN Tickets'!$AB:$AB, ""(?i)""&TRIM(D69)), 'OLT DOWN Tickets'!$L:$L=""OLT UPLINK DOWN""), 1), """")"),"") | M69: =IFERROR(__xludf.DUMMYFUNCTION("IFERROR(INDEX(FILTER('OLT DOWN Tickets'!$F:$F, REGEXMATCH('OLT DOWN Tickets'!$AB:$AB, ""(?i)""&TRIM(D69)), 'OLT DOWN Tickets'!$L:$L=""OLT SERVICE DEGRADATION""), 1), """") "),"") | N69: FALSE | O69: FALSE | P69: FALSE | Q69: FALSE
B70: BENGUET | C70: TUBA | D70: TBB003-OLT-01 | E70: =NOT(OR(F70, G70, H70, I70)) -> TRUE | F70: =COUNTIFS('OLT DOWN Tickets'!$AB:$AB, "*" & D70 & "*", 'OLT DOWN Tickets'!$L:$L, "OLT DOWN") > 0 -> FALSE | G70: =COUNTIFS('OLT DOWN Tickets'!$AB:$AB, "*" & D70 & "*", 'OLT DOWN Tickets'!$L:$L, "OLT UPLINK LOW POWER") > 0 -> FALSE | H70: =COUNTIFS('OLT DOWN Tickets'!$AB:$AB, "*" & D70 & "*", 'OLT DOWN Tickets'!$L:$L, "OLT UPLINK DOWN") > 0 -> FALSE | I70: =COUNTIFS('OLT DOWN Tickets'!$AB:$AB, "*" & D70 & "*", 'OLT DOWN Tickets'!$L:$L, "OLT SERVICE DEGRADATION") > 0 -> FALSE | J70: =IFERROR(__xludf.DUMMYFUNCTION("IFERROR(INDEX(FILTER('OLT DOWN Tickets'!$F:$F, REGEXMATCH('OLT DOWN Tickets'!$AB:$AB, ""(?i)""&TRIM(D70)), 'OLT DOWN Tickets'!$L:$L=""OLT DOWN""), 1), """")"),"") | K70: =IFERROR(__xludf.DUMMYFUNCTION("IFERROR(INDEX(FILTER('OLT DOWN Tickets'!$F:$F, REGEXMATCH('OLT DOWN Tickets'!$AB:$AB, ""(?i)""&TRIM(D70)), 'OLT DOWN Tickets'!$L:$L=""OLT UPLINK LOW POWER""), 1), """")"),"") | L70: =IFERROR(__xludf.DUMMYFUNCTION("IFERROR(INDEX(FILTER('OLT DOWN Tickets'!$F:$F, REGEXMATCH('OLT DOWN Tickets'!$AB:$AB, ""(?i)""&TRIM(D70)), 'OLT DOWN Tickets'!$L:$L=""OLT UPLINK DOWN""), 1), """")"),"") | M70: =IFERROR(__xludf.DUMMYFUNCTION("IFERROR(INDEX(FILTER('OLT DOWN Tickets'!$F:$F, REGEXMATCH('OLT DOWN Tickets'!$AB:$AB, ""(?i)""&TRIM(D70)), 'OLT DOWN Tickets'!$L:$L=""OLT SERVICE DEGRADATION""), 1), """") "),"") | N70: FALSE | O70: FALSE | P70: FALSE | Q70: FALSE
B71: BENGUET | C71: TUBLAY | D71: TYB001-OLT-01 | E71: =NOT(OR(F71, G71, H71, I71)) -> TRUE | F71: =COUNTIFS('OLT DOWN Tickets'!$AB:$AB, "*" & D71 & "*", 'OLT DOWN Tickets'!$L:$L, "OLT DOWN") > 0 -> FALSE | G71: =COUNTIFS('OLT DOWN Tickets'!$AB:$AB, "*" & D71 & "*", 'OLT DOWN Tickets'!$L:$L, "OLT UPLINK LOW POWER") > 0 -> FALSE | H71: =COUNTIFS('OLT DOWN Tickets'!$AB:$AB, "*" & D71 & "*", 'OLT DOWN Tickets'!$L:$L, "OLT UPLINK DOWN") > 0 -> FALSE | I71: =COUNTIFS('OLT DOWN Tickets'!$AB:$AB, "*" & D71 & "*", 'OLT DOWN Tickets'!$L:$L, "OLT SERVICE DEGRADATION") > 0 -> FALSE | J71: =IFERROR(__xludf.DUMMYFUNCTION("IFERROR(INDEX(FILTER('OLT DOWN Tickets'!$F:$F, REGEXMATCH('OLT DOWN Tickets'!$AB:$AB, ""(?i)""&TRIM(D71)), 'OLT DOWN Tickets'!$L:$L=""OLT DOWN""), 1), """")"),"") | K71: =IFERROR(__xludf.DUMMYFUNCTION("IFERROR(INDEX(FILTER('OLT DOWN Tickets'!$F:$F, REGEXMATCH('OLT DOWN Tickets'!$AB:$AB, ""(?i)""&TRIM(D71)), 'OLT DOWN Tickets'!$L:$L=""OLT UPLINK LOW POWER""), 1), """")"),"") | L71: =IFERROR(__xludf.DUMMYFUNCTION("IFERROR(INDEX(FILTER('OLT DOWN Tickets'!$F:$F, REGEXMATCH('OLT DOWN Tickets'!$AB:$AB, ""(?i)""&TRIM(D71)), 'OLT DOWN Tickets'!$L:$L=""OLT UPLINK DOWN""), 1), """")"),"") | M71: =IFERROR(__xludf.DUMMYFUNCTION("IFERROR(INDEX(FILTER('OLT DOWN Tickets'!$F:$F, REGEXMATCH('OLT DOWN Tickets'!$AB:$AB, ""(?i)""&TRIM(D71)), 'OLT DOWN Tickets'!$L:$L=""OLT SERVICE DEGRADATION""), 1), """") "),"") | N71: FALSE | O71: FALSE | P71: FALSE | Q71: FALSE
B72: BENGUET | C72: KAPANGAN | D72: KPB001-OLT-01 | E72: =NOT(OR(F72, G72, H72, I72)) -> TRUE | F72: =COUNTIFS('OLT DOWN Tickets'!$AB:$AB, "*" & D72 & "*", 'OLT DOWN Tickets'!$L:$L, "OLT DOWN") > 0 -> FALSE | G72: =COUNTIFS('OLT DOWN Tickets'!$AB:$AB, "*" & D72 & "*", 'OLT DOWN Tickets'!$L:$L, "OLT UPLINK LOW POWER") > 0 -> FALSE | H72: =COUNTIFS('OLT DOWN Tickets'!$AB:$AB, "*" & D72 & "*", 'OLT DOWN Tickets'!$L:$L, "OLT UPLINK DOWN") > 0 -> FALSE | I72: =COUNTIFS('OLT DOWN Tickets'!$AB:$AB, "*" & D72 & "*", 'OLT DOWN Tickets'!$L:$L, "OLT SERVICE DEGRADATION") > 0 -> FALSE | J72: =IFERROR(__xludf.DUMMYFUNCTION("IFERROR(INDEX(FILTER('OLT DOWN Tickets'!$F:$F, REGEXMATCH('OLT DOWN Tickets'!$AB:$AB, ""(?i)""&TRIM(D72)), 'OLT DOWN Tickets'!$L:$L=""OLT DOWN""), 1), """")"),"") | K72: =IFERROR(__xludf.DUMMYFUNCTION("IFERROR(INDEX(FILTER('OLT DOWN Tickets'!$F:$F, REGEXMATCH('OLT DOWN Tickets'!$AB:$AB, ""(?i)""&TRIM(D72)), 'OLT DOWN Tickets'!$L:$L=""OLT UPLINK LOW POWER""), 1), """")"),"") | L72: =IFERROR(__xludf.DUMMYFUNCTION("IFERROR(INDEX(FILTER('OLT DOWN Tickets'!$F:$F, REGEXMATCH('OLT DOWN Tickets'!$AB:$AB, ""(?i)""&TRIM(D72)), 'OLT DOWN Tickets'!$L:$L=""OLT UPLINK DOWN""), 1), """")"),"") | M72: =IFERROR(__xludf.DUMMYFUNCTION("IFERROR(INDEX(FILTER('OLT DOWN Tickets'!$F:$F, REGEXMATCH('OLT DOWN Tickets'!$AB:$AB, ""(?i)""&TRIM(D72)), 'OLT DOWN Tickets'!$L:$L=""OLT SERVICE DEGRADATION""), 1), """") "),"") | N72: FALSE | O72: FALSE | P72: FALSE | Q72: FALSE
B73: BENGUET | C73: KAPANGAN | D73: KPB001-OLT-02 | E73: =NOT(OR(F73, G73, H73, I73)) -> TRUE | F73: =COUNTIFS('OLT DOWN Tickets'!$AB:$AB, "*" & D73 & "*", 'OLT DOWN Tickets'!$L:$L, "OLT DOWN") > 0 -> FALSE | G73: =COUNTIFS('OLT DOWN Tickets'!$AB:$AB, "*" & D73 & "*", 'OLT DOWN Tickets'!$L:$L, "OLT UPLINK LOW POWER") > 0 -> FALSE | H73: =COUNTIFS('OLT DOWN Tickets'!$AB:$AB, "*" & D73 & "*", 'OLT DOWN Tickets'!$L:$L, "OLT UPLINK DOWN") > 0 -> FALSE | I73: =COUNTIFS('OLT DOWN Tickets'!$AB:$AB, "*" & D73 & "*", 'OLT DOWN Tickets'!$L:$L, "OLT SERVICE DEGRADATION") > 0 -> FALSE | J73: =IFERROR(__xludf.DUMMYFUNCTION("IFERROR(INDEX(FILTER('OLT DOWN Tickets'!$F:$F, REGEXMATCH('OLT DOWN Tickets'!$AB:$AB, ""(?i)""&TRIM(D73)), 'OLT DOWN Tickets'!$L:$L=""OLT DOWN""), 1), """")"),"") | K73: =IFERROR(__xludf.DUMMYFUNCTION("IFERROR(INDEX(FILTER('OLT DOWN Tickets'!$F:$F, REGEXMATCH('OLT DOWN Tickets'!$AB:$AB, ""(?i)""&TRIM(D73)), 'OLT DOWN Tickets'!$L:$L=""OLT UPLINK LOW POWER""), 1), """")"),"") | L73: =IFERROR(__xludf.DUMMYFUNCTION("IFERROR(INDEX(FILTER('OLT DOWN Tickets'!$F:$F, REGEXMATCH('OLT DOWN Tickets'!$AB:$AB, ""(?i)""&TRIM(D73)), 'OLT DOWN Tickets'!$L:$L=""OLT UPLINK DOWN""), 1), """")"),"") | M73: =IFERROR(__xludf.DUMMYFUNCTION("IFERROR(INDEX(FILTER('OLT DOWN Tickets'!$F:$F, REGEXMATCH('OLT DOWN Tickets'!$AB:$AB, ""(?i)""&TRIM(D73)), 'OLT DOWN Tickets'!$L:$L=""OLT SERVICE DEGRADATION""), 1), """") "),"") | N73: FALSE | O73: FALSE | P73: FALSE | Q73: FALSE
B74: CAGAYAN | C74: ABULUG | D74: ALC001-OLT-01 | E74: =NOT(OR(F74, G74, H74, I74)) -> TRUE | F74: =COUNTIFS('OLT DOWN Tickets'!$AB:$AB, "*" & D74 & "*", 'OLT DOWN Tickets'!$L:$L, "OLT DOWN") > 0 -> FALSE | G74: =COUNTIFS('OLT DOWN Tickets'!$AB:$AB, "*" & D74 & "*", 'OLT DOWN Tickets'!$L:$L, "OLT UPLINK LOW POWER") > 0 -> FALSE | H74: =COUNTIFS('OLT DOWN Tickets'!$AB:$AB, "*" & D74 & "*", 'OLT DOWN Tickets'!$L:$L, "OLT UPLINK DOWN") > 0 -> FALSE | I74: =COUNTIFS('OLT DOWN Tickets'!$AB:$AB, "*" & D74 & "*", 'OLT DOWN Tickets'!$L:$L, "OLT SERVICE DEGRADATION") > 0 -> FALSE | J74: =IFERROR(__xludf.DUMMYFUNCTION("IFERROR(INDEX(FILTER('OLT DOWN Tickets'!$F:$F, REGEXMATCH('OLT DOWN Tickets'!$AB:$AB, ""(?i)""&TRIM(D74)), 'OLT DOWN Tickets'!$L:$L=""OLT DOWN""), 1), """")"),"") | K74: =IFERROR(__xludf.DUMMYFUNCTION("IFERROR(INDEX(FILTER('OLT DOWN Tickets'!$F:$F, REGEXMATCH('OLT DOWN Tickets'!$AB:$AB, ""(?i)""&TRIM(D74)), 'OLT DOWN Tickets'!$L:$L=""OLT UPLINK LOW POWER""), 1), """")"),"") | L74: =IFERROR(__xludf.DUMMYFUNCTION("IFERROR(INDEX(FILTER('OLT DOWN Tickets'!$F:$F, REGEXMATCH('OLT DOWN Tickets'!$AB:$AB, ""(?i)""&TRIM(D74)), 'OLT DOWN Tickets'!$L:$L=""OLT UPLINK DOWN""), 1), """")"),"") | M74: =IFERROR(__xludf.DUMMYFUNCTION("IFERROR(INDEX(FILTER('OLT DOWN Tickets'!$F:$F, REGEXMATCH('OLT DOWN Tickets'!$AB:$AB, ""(?i)""&TRIM(D74)), 'OLT DOWN Tickets'!$L:$L=""OLT SERVICE DEGRADATION""), 1), """") "),"") | N74: FALSE | O74: FALSE | P74: FALSE | Q74: FALSE
B75: CAGAYAN | C75: ABULUG | D75: ALC001-OLT-02 | E75: =NOT(OR(F75, G75, H75, I75)) -> TRUE | F75: =COUNTIFS('OLT DOWN Tickets'!$AB:$AB, "*" & D75 & "*", 'OLT DOWN Tickets'!$L:$L, "OLT DOWN") > 0 -> FALSE | G75: =COUNTIFS('OLT DOWN Tickets'!$AB:$AB, "*" & D75 & "*", 'OLT DOWN Tickets'!$L:$L, "OLT UPLINK LOW POWER") > 0 -> FALSE | H75: =COUNTIFS('OLT DOWN Tickets'!$AB:$AB, "*" & D75 & "*", 'OLT DOWN Tickets'!$L:$L, "OLT UPLINK DOWN") > 0 -> FALSE | I75: =COUNTIFS('OLT DOWN Tickets'!$AB:$AB, "*" & D75 & "*", 'OLT DOWN Tickets'!$L:$L, "OLT SERVICE DEGRADATION") > 0 -> FALSE | J75: =IFERROR(__xludf.DUMMYFUNCTION("IFERROR(INDEX(FILTER('OLT DOWN Tickets'!$F:$F, REGEXMATCH('OLT DOWN Tickets'!$AB:$AB, ""(?i)""&TRIM(D75)), 'OLT DOWN Tickets'!$L:$L=""OLT DOWN""), 1), """")"),"") | K75: =IFERROR(__xludf.DUMMYFUNCTION("IFERROR(INDEX(FILTER('OLT DOWN Tickets'!$F:$F, REGEXMATCH('OLT DOWN Tickets'!$AB:$AB, ""(?i)""&TRIM(D75)), 'OLT DOWN Tickets'!$L:$L=""OLT UPLINK LOW POWER""), 1), """")"),"") | L75: =IFERROR(__xludf.DUMMYFUNCTION("IFERROR(INDEX(FILTER('OLT DOWN Tickets'!$F:$F, REGEXMATCH('OLT DOWN Tickets'!$AB:$AB, ""(?i)""&TRIM(D75)), 'OLT DOWN Tickets'!$L:$L=""OLT UPLINK DOWN""), 1), """")"),"") | M75: =IFERROR(__xludf.DUMMYFUNCTION("IFERROR(INDEX(FILTER('OLT DOWN Tickets'!$F:$F, REGEXMATCH('OLT DOWN Tickets'!$AB:$AB, ""(?i)""&TRIM(D75)), 'OLT DOWN Tickets'!$L:$L=""OLT SERVICE DEGRADATION""), 1), """") "),"") | N75: FALSE | O75: FALSE | P75: FALSE | Q75: FALSE
B76: CAGAYAN | C76: ALCALA | D76: ACC001-OLT-01 | E76: =NOT(OR(F76, G76, H76, I76)) -> TRUE | F76: =COUNTIFS('OLT DOWN Tickets'!$AB:$AB, "*" & D76 & "*", 'OLT DOWN Tickets'!$L:$L, "OLT DOWN") > 0 -> FALSE | G76: =COUNTIFS('OLT DOWN Tickets'!$AB:$AB, "*" & D76 & "*", 'OLT DOWN Tickets'!$L:$L, "OLT UPLINK LOW POWER") > 0 -> FALSE | H76: =COUNTIFS('OLT DOWN Tickets'!$AB:$AB, "*" & D76 & "*", 'OLT DOWN Tickets'!$L:$L, "OLT UPLINK DOWN") > 0 -> FALSE | I76: =COUNTIFS('OLT DOWN Tickets'!$AB:$AB, "*" & D76 & "*", 'OLT DOWN Tickets'!$L:$L, "OLT SERVICE DEGRADATION") > 0 -> FALSE | J76: =IFERROR(__xludf.DUMMYFUNCTION("IFERROR(INDEX(FILTER('OLT DOWN Tickets'!$F:$F, REGEXMATCH('OLT DOWN Tickets'!$AB:$AB, ""(?i)""&TRIM(D76)), 'OLT DOWN Tickets'!$L:$L=""OLT DOWN""), 1), """")"),"") | K76: =IFERROR(__xludf.DUMMYFUNCTION("IFERROR(INDEX(FILTER('OLT DOWN Tickets'!$F:$F, REGEXMATCH('OLT DOWN Tickets'!$AB:$AB, ""(?i)""&TRIM(D76)), 'OLT DOWN Tickets'!$L:$L=""OLT UPLINK LOW POWER""), 1), """")"),"") | L76: =IFERROR(__xludf.DUMMYFUNCTION("IFERROR(INDEX(FILTER('OLT DOWN Tickets'!$F:$F, REGEXMATCH('OLT DOWN Tickets'!$AB:$AB, ""(?i)""&TRIM(D76)), 'OLT DOWN Tickets'!$L:$L=""OLT UPLINK DOWN""), 1), """")"),"") | M76: =IFERROR(__xludf.DUMMYFUNCTION("IFERROR(INDEX(FILTER('OLT DOWN Tickets'!$F:$F, REGEXMATCH('OLT DOWN Tickets'!$AB:$AB, ""(?i)""&TRIM(D76)), 'OLT DOWN Tickets'!$L:$L=""OLT SERVICE DEGRADATION""), 1), """") "),"") | N76: FALSE | O76: FALSE | P76: FALSE | Q76: FALSE
B77: CAGAYAN | C77: ALCALA | D77: ACC001-OLT-02 | E77: =NOT(OR(F77, G77, H77, I77)) -> TRUE | F77: =COUNTIFS('OLT DOWN Tickets'!$AB:$AB, "*" & D77 & "*", 'OLT DOWN Tickets'!$L:$L, "OLT DOWN") > 0 -> FALSE | G77: =COUNTIFS('OLT DOWN Tickets'!$AB:$AB, "*" & D77 & "*", 'OLT DOWN Tickets'!$L:$L, "OLT UPLINK LOW POWER") > 0 -> FALSE | H77: =COUNTIFS('OLT DOWN Tickets'!$AB:$AB, "*" & D77 & "*", 'OLT DOWN Tickets'!$L:$L, "OLT UPLINK DOWN") > 0 -> FALSE | I77: =COUNTIFS('OLT DOWN Tickets'!$AB:$AB, "*" & D77 & "*", 'OLT DOWN Tickets'!$L:$L, "OLT SERVICE DEGRADATION") > 0 -> FALSE | J77: =IFERROR(__xludf.DUMMYFUNCTION("IFERROR(INDEX(FILTER('OLT DOWN Tickets'!$F:$F, REGEXMATCH('OLT DOWN Tickets'!$AB:$AB, ""(?i)""&TRIM(D77)), 'OLT DOWN Tickets'!$L:$L=""OLT DOWN""), 1), """")"),"") | K77: =IFERROR(__xludf.DUMMYFUNCTION("IFERROR(INDEX(FILTER('OLT DOWN Tickets'!$F:$F, REGEXMATCH('OLT DOWN Tickets'!$AB:$AB, ""(?i)""&TRIM(D77)), 'OLT DOWN Tickets'!$L:$L=""OLT UPLINK LOW POWER""), 1), """")"),"") | L77: =IFERROR(__xludf.DUMMYFUNCTION("IFERROR(INDEX(FILTER('OLT DOWN Tickets'!$F:$F, REGEXMATCH('OLT DOWN Tickets'!$AB:$AB, ""(?i)""&TRIM(D77)), 'OLT DOWN Tickets'!$L:$L=""OLT UPLINK DOWN""), 1), """")"),"") | M77: =IFERROR(__xludf.DUMMYFUNCTION("IFERROR(INDEX(FILTER('OLT DOWN Tickets'!$F:$F, REGEXMATCH('OLT DOWN Tickets'!$AB:$AB, ""(?i)""&TRIM(D77)), 'OLT DOWN Tickets'!$L:$L=""OLT SERVICE DEGRADATION""), 1), """") "),"") | N77: FALSE | O77: FALSE | P77: FALSE | Q77: FALSE
B78: CAGAYAN | C78: ALLACAPAN | D78: APC001-OLT-01 | E78: =NOT(OR(F78, G78, H78, I78)) -> TRUE | F78: =COUNTIFS('OLT DOWN Tickets'!$AB:$AB, "*" & D78 & "*", 'OLT DOWN Tickets'!$L:$L, "OLT DOWN") > 0 -> FALSE | G78: =COUNTIFS('OLT DOWN Tickets'!$AB:$AB, "*" & D78 & "*", 'OLT DOWN Tickets'!$L:$L, "OLT UPLINK LOW POWER") > 0 -> FALSE | H78: =COUNTIFS('OLT DOWN Tickets'!$AB:$AB, "*" & D78 & "*", 'OLT DOWN Tickets'!$L:$L, "OLT UPLINK DOWN") > 0 -> FALSE | I78: =COUNTIFS('OLT DOWN Tickets'!$AB:$AB, "*" & D78 & "*", 'OLT DOWN Tickets'!$L:$L, "OLT SERVICE DEGRADATION") > 0 -> FALSE | J78: =IFERROR(__xludf.DUMMYFUNCTION("IFERROR(INDEX(FILTER('OLT DOWN Tickets'!$F:$F, REGEXMATCH('OLT DOWN Tickets'!$AB:$AB, ""(?i)""&TRIM(D78)), 'OLT DOWN Tickets'!$L:$L=""OLT DOWN""), 1), """")"),"") | K78: =IFERROR(__xludf.DUMMYFUNCTION("IFERROR(INDEX(FILTER('OLT DOWN Tickets'!$F:$F, REGEXMATCH('OLT DOWN Tickets'!$AB:$AB, ""(?i)""&TRIM(D78)), 'OLT DOWN Tickets'!$L:$L=""OLT UPLINK LOW POWER""), 1), """")"),"") | L78: =IFERROR(__xludf.DUMMYFUNCTION("IFERROR(INDEX(FILTER('OLT DOWN Tickets'!$F:$F, REGEXMATCH('OLT DOWN Tickets'!$AB:$AB, ""(?i)""&TRIM(D78)), 'OLT DOWN Tickets'!$L:$L=""OLT UPLINK DOWN""), 1), """")"),"") | M78: =IFERROR(__xludf.DUMMYFUNCTION("IFERROR(INDEX(FILTER('OLT DOWN Tickets'!$F:$F, REGEXMATCH('OLT DOWN Tickets'!$AB:$AB, ""(?i)""&TRIM(D78)), 'OLT DOWN Tickets'!$L:$L=""OLT SERVICE DEGRADATION""), 1), """") "),"") | N78: FALSE | O78: FALSE | P78: FALSE | Q78: FALSE
B79: CAGAYAN | C79: ALLACAPAN | D79: APC001-OLT-02 | E79: =NOT(OR(F79, G79, H79, I79)) -> TRUE | F79: =COUNTIFS('OLT DOWN Tickets'!$AB:$AB, "*" & D79 & "*", 'OLT DOWN Tickets'!$L:$L, "OLT DOWN") > 0 -> FALSE | G79: =COUNTIFS('OLT DOWN Tickets'!$AB:$AB, "*" & D79 & "*", 'OLT DOWN Tickets'!$L:$L, "OLT UPLINK LOW POWER") > 0 -> FALSE | H79: =COUNTIFS('OLT DOWN Tickets'!$AB:$AB, "*" & D79 & "*", 'OLT DOWN Tickets'!$L:$L, "OLT UPLINK DOWN") > 0 -> FALSE | I79: =COUNTIFS('OLT DOWN Tickets'!$AB:$AB, "*" & D79 & "*", 'OLT DOWN Tickets'!$L:$L, "OLT SERVICE DEGRADATION") > 0 -> FALSE | J79: =IFERROR(__xludf.DUMMYFUNCTION("IFERROR(INDEX(FILTER('OLT DOWN Tickets'!$F:$F, REGEXMATCH('OLT DOWN Tickets'!$AB:$AB, ""(?i)""&TRIM(D79)), 'OLT DOWN Tickets'!$L:$L=""OLT DOWN""), 1), """")"),"") | K79: =IFERROR(__xludf.DUMMYFUNCTION("IFERROR(INDEX(FILTER('OLT DOWN Tickets'!$F:$F, REGEXMATCH('OLT DOWN Tickets'!$AB:$AB, ""(?i)""&TRIM(D79)), 'OLT DOWN Tickets'!$L:$L=""OLT UPLINK LOW POWER""), 1), """")"),"") | L79: =IFERROR(__xludf.DUMMYFUNCTION("IFERROR(INDEX(FILTER('OLT DOWN Tickets'!$F:$F, REGEXMATCH('OLT DOWN Tickets'!$AB:$AB, ""(?i)""&TRIM(D79)), 'OLT DOWN Tickets'!$L:$L=""OLT UPLINK DOWN""), 1), """")"),"") | M79: =IFERROR(__xludf.DUMMYFUNCTION("IFERROR(INDEX(FILTER('OLT DOWN Tickets'!$F:$F, REGEXMATCH('OLT DOWN Tickets'!$AB:$AB, ""(?i)""&TRIM(D79)), 'OLT DOWN Tickets'!$L:$L=""OLT SERVICE DEGRADATION""), 1), """") "),"") | N79: FALSE | O79: FALSE | P79: FALSE | Q79: FALSE
B80: CAGAYAN | C80: AMULUNG | D80: AGC001-OLT-01 | E80: =NOT(OR(F80, G80, H80, I80)) -> TRUE | F80: =COUNTIFS('OLT DOWN Tickets'!$AB:$AB, "*" & D80 & "*", 'OLT DOWN Tickets'!$L:$L, "OLT DOWN") > 0 -> FALSE | G80: =COUNTIFS('OLT DOWN Tickets'!$AB:$AB, "*" & D80 & "*", 'OLT DOWN Tickets'!$L:$L, "OLT UPLINK LOW POWER") > 0 -> FALSE | H80: =COUNTIFS('OLT DOWN Tickets'!$AB:$AB, "*" & D80 & "*", 'OLT DOWN Tickets'!$L:$L, "OLT UPLINK DOWN") > 0 -> FALSE | I80: =COUNTIFS('OLT DOWN Tickets'!$AB:$AB, "*" & D80 & "*", 'OLT DOWN Tickets'!$L:$L, "OLT SERVICE DEGRADATION") > 0 -> FALSE | J80: =IFERROR(__xludf.DUMMYFUNCTION("IFERROR(INDEX(FILTER('OLT DOWN Tickets'!$F:$F, REGEXMATCH('OLT DOWN Tickets'!$AB:$AB, ""(?i)""&TRIM(D80)), 'OLT DOWN Tickets'!$L:$L=""OLT DOWN""), 1), """")"),"") | K80: =IFERROR(__xludf.DUMMYFUNCTION("IFERROR(INDEX(FILTER('OLT DOWN Tickets'!$F:$F, REGEXMATCH('OLT DOWN Tickets'!$AB:$AB, ""(?i)""&TRIM(D80)), 'OLT DOWN Tickets'!$L:$L=""OLT UPLINK LOW POWER""), 1), """")"),"") | L80: =IFERROR(__xludf.DUMMYFUNCTION("IFERROR(INDEX(FILTER('OLT DOWN Tickets'!$F:$F, REGEXMATCH('OLT DOWN Tickets'!$AB:$AB, ""(?i)""&TRIM(D80)), 'OLT DOWN Tickets'!$L:$L=""OLT UPLINK DOWN""), 1), """")"),"") | M80: =IFERROR(__xludf.DUMMYFUNCTION("IFERROR(INDEX(FILTER('OLT DOWN Tickets'!$F:$F, REGEXMATCH('OLT DOWN Tickets'!$AB:$AB, ""(?i)""&TRIM(D80)), 'OLT DOWN Tickets'!$L:$L=""OLT SERVICE DEGRADATION""), 1), """") "),"") | N80: FALSE | O80: FALSE | P80: FALSE | Q80: FALSE
B81: CAGAYAN | C81: AMULUNG | D81: AGC001-OLT-02 | E81: =NOT(OR(F81, G81, H81, I81)) -> TRUE | F81: =COUNTIFS('OLT DOWN Tickets'!$AB:$AB, "*" & D81 & "*", 'OLT DOWN Tickets'!$L:$L, "OLT DOWN") > 0 -> FALSE | G81: =COUNTIFS('OLT DOWN Tickets'!$AB:$AB, "*" & D81 & "*", 'OLT DOWN Tickets'!$L:$L, "OLT UPLINK LOW POWER") > 0 -> FALSE | H81: =COUNTIFS('OLT DOWN Tickets'!$AB:$AB, "*" & D81 & "*", 'OLT DOWN Tickets'!$L:$L, "OLT UPLINK DOWN") > 0 -> FALSE | I81: =COUNTIFS('OLT DOWN Tickets'!$AB:$AB, "*" & D81 & "*", 'OLT DOWN Tickets'!$L:$L, "OLT SERVICE DEGRADATION") > 0 -> FALSE | J81: =IFERROR(__xludf.DUMMYFUNCTION("IFERROR(INDEX(FILTER('OLT DOWN Tickets'!$F:$F, REGEXMATCH('OLT DOWN Tickets'!$AB:$AB, ""(?i)""&TRIM(D81)), 'OLT DOWN Tickets'!$L:$L=""OLT DOWN""), 1), """")"),"") | K81: =IFERROR(__xludf.DUMMYFUNCTION("IFERROR(INDEX(FILTER('OLT DOWN Tickets'!$F:$F, REGEXMATCH('OLT DOWN Tickets'!$AB:$AB, ""(?i)""&TRIM(D81)), 'OLT DOWN Tickets'!$L:$L=""OLT UPLINK LOW POWER""), 1), """")"),"") | L81: =IFERROR(__xludf.DUMMYFUNCTION("IFERROR(INDEX(FILTER('OLT DOWN Tickets'!$F:$F, REGEXMATCH('OLT DOWN Tickets'!$AB:$AB, ""(?i)""&TRIM(D81)), 'OLT DOWN Tickets'!$L:$L=""OLT UPLINK DOWN""), 1), """")"),"") | M81: =IFERROR(__xludf.DUMMYFUNCTION("IFERROR(INDEX(FILTER('OLT DOWN Tickets'!$F:$F, REGEXMATCH('OLT DOWN Tickets'!$AB:$AB, ""(?i)""&TRIM(D81)), 'OLT DOWN Tickets'!$L:$L=""OLT SERVICE DEGRADATION""), 1), """") "),"") | N81: FALSE | O81: FALSE | P81: FALSE | Q81: FALSE
B82: CAGAYAN | C82: AMULUNG | D82: AGC001-OLT-03 | E82: =NOT(OR(F82, G82, H82, I82)) -> TRUE | F82: =COUNTIFS('OLT DOWN Tickets'!$AB:$AB, "*" & D82 & "*", 'OLT DOWN Tickets'!$L:$L, "OLT DOWN") > 0 -> FALSE | G82: =COUNTIFS('OLT DOWN Tickets'!$AB:$AB, "*" & D82 & "*", 'OLT DOWN Tickets'!$L:$L, "OLT UPLINK LOW POWER") > 0 -> FALSE | H82: =COUNTIFS('OLT DOWN Tickets'!$AB:$AB, "*" & D82 & "*", 'OLT DOWN Tickets'!$L:$L, "OLT UPLINK DOWN") > 0 -> FALSE | I82: =COUNTIFS('OLT DOWN Tickets'!$AB:$AB, "*" & D82 & "*", 'OLT DOWN Tickets'!$L:$L, "OLT SERVICE DEGRADATION") > 0 -> FALSE | J82: =IFERROR(__xludf.DUMMYFUNCTION("IFERROR(INDEX(FILTER('OLT DOWN Tickets'!$F:$F, REGEXMATCH('OLT DOWN Tickets'!$AB:$AB, ""(?i)""&TRIM(D82)), 'OLT DOWN Tickets'!$L:$L=""OLT DOWN""), 1), """")"),"") | K82: =IFERROR(__xludf.DUMMYFUNCTION("IFERROR(INDEX(FILTER('OLT DOWN Tickets'!$F:$F, REGEXMATCH('OLT DOWN Tickets'!$AB:$AB, ""(?i)""&TRIM(D82)), 'OLT DOWN Tickets'!$L:$L=""OLT UPLINK LOW POWER""), 1), """")"),"") | L82: =IFERROR(__xludf.DUMMYFUNCTION("IFERROR(INDEX(FILTER('OLT DOWN Tickets'!$F:$F, REGEXMATCH('OLT DOWN Tickets'!$AB:$AB, ""(?i)""&TRIM(D82)), 'OLT DOWN Tickets'!$L:$L=""OLT UPLINK DOWN""), 1), """")"),"") | M82: =IFERROR(__xludf.DUMMYFUNCTION("IFERROR(INDEX(FILTER('OLT DOWN Tickets'!$F:$F, REGEXMATCH('OLT DOWN Tickets'!$AB:$AB, ""(?i)""&TRIM(D82)), 'OLT DOWN Tickets'!$L:$L=""OLT SERVICE DEGRADATION""), 1), """") "),"") | N82: FALSE | O82: FALSE | P82: FALSE | Q82: FALSE
B83: CAGAYAN | C83: AMULUNG | D83: AGC002-OLT-01 | E83: =NOT(OR(F83, G83, H83, I83)) -> TRUE | F83: =COUNTIFS('OLT DOWN Tickets'!$AB:$AB, "*" & D83 & "*", 'OLT DOWN Tickets'!$L:$L, "OLT DOWN") > 0 -> FALSE | G83: =COUNTIFS('OLT DOWN Tickets'!$AB:$AB, "*" & D83 & "*", 'OLT DOWN Tickets'!$L:$L, "OLT UPLINK LOW POWER") > 0 -> FALSE | H83: =COUNTIFS('OLT DOWN Tickets'!$AB:$AB, "*" & D83 & "*", 'OLT DOWN Tickets'!$L:$L, "OLT UPLINK DOWN") > 0 -> FALSE | I83: =COUNTIFS('OLT DOWN Tickets'!$AB:$AB, "*" & D83 & "*", 'OLT DOWN Tickets'!$L:$L, "OLT SERVICE DEGRADATION") > 0 -> FALSE | J83: =IFERROR(__xludf.DUMMYFUNCTION("IFERROR(INDEX(FILTER('OLT DOWN Tickets'!$F:$F, REGEXMATCH('OLT DOWN Tickets'!$AB:$AB, ""(?i)""&TRIM(D83)), 'OLT DOWN Tickets'!$L:$L=""OLT DOWN""), 1), """")"),"") | K83: =IFERROR(__xludf.DUMMYFUNCTION("IFERROR(INDEX(FILTER('OLT DOWN Tickets'!$F:$F, REGEXMATCH('OLT DOWN Tickets'!$AB:$AB, ""(?i)""&TRIM(D83)), 'OLT DOWN Tickets'!$L:$L=""OLT UPLINK LOW POWER""), 1), """")"),"") | L83: =IFERROR(__xludf.DUMMYFUNCTION("IFERROR(INDEX(FILTER('OLT DOWN Tickets'!$F:$F, REGEXMATCH('OLT DOWN Tickets'!$AB:$AB, ""(?i)""&TRIM(D83)), 'OLT DOWN Tickets'!$L:$L=""OLT UPLINK DOWN""), 1), """")"),"") | M83: =IFERROR(__xludf.DUMMYFUNCTION("IFERROR(INDEX(FILTER('OLT DOWN Tickets'!$F:$F, REGEXMATCH('OLT DOWN Tickets'!$AB:$AB, ""(?i)""&TRIM(D83)), 'OLT DOWN Tickets'!$L:$L=""OLT SERVICE DEGRADATION""), 1), """") "),"") | N83: FALSE | O83: FALSE | P83: FALSE | Q83: FALSE
B84: CAGAYAN | C84: APARRI | D84: ARC002-OLT-01 | E84: =NOT(OR(F84, G84, H84, I84)) -> TRUE | F84: =COUNTIFS('OLT DOWN Tickets'!$AB:$AB, "*" & D84 & "*", 'OLT DOWN Tickets'!$L:$L, "OLT DOWN") > 0 -> FALSE | G84: =COUNTIFS('OLT DOWN Tickets'!$AB:$AB, "*" & D84 & "*", 'OLT DOWN Tickets'!$L:$L, "OLT UPLINK LOW POWER") > 0 -> FALSE | H84: =COUNTIFS('OLT DOWN Tickets'!$AB:$AB, "*" & D84 & "*", 'OLT DOWN Tickets'!$L:$L, "OLT UPLINK DOWN") > 0 -> FALSE | I84: =COUNTIFS('OLT DOWN Tickets'!$AB:$AB, "*" & D84 & "*", 'OLT DOWN Tickets'!$L:$L, "OLT SERVICE DEGRADATION") > 0 -> FALSE | J84: =IFERROR(__xludf.DUMMYFUNCTION("IFERROR(INDEX(FILTER('OLT DOWN Tickets'!$F:$F, REGEXMATCH('OLT DOWN Tickets'!$AB:$AB, ""(?i)""&TRIM(D84)), 'OLT DOWN Tickets'!$L:$L=""OLT DOWN""), 1), """")"),"") | K84: =IFERROR(__xludf.DUMMYFUNCTION("IFERROR(INDEX(FILTER('OLT DOWN Tickets'!$F:$F, REGEXMATCH('OLT DOWN Tickets'!$AB:$AB, ""(?i)""&TRIM(D84)), 'OLT DOWN Tickets'!$L:$L=""OLT UPLINK LOW POWER""), 1), """")"),"") | L84: =IFERROR(__xludf.DUMMYFUNCTION("IFERROR(INDEX(FILTER('OLT DOWN Tickets'!$F:$F, REGEXMATCH('OLT DOWN Tickets'!$AB:$AB, ""(?i)""&TRIM(D84)), 'OLT DOWN Tickets'!$L:$L=""OLT UPLINK DOWN""), 1), """")"),"") | M84: =IFERROR(__xludf.DUMMYFUNCTION("IFERROR(INDEX(FILTER('OLT DOWN Tickets'!$F:$F, REGEXMATCH('OLT DOWN Tickets'!$AB:$AB, ""(?i)""&TRIM(D84)), 'OLT DOWN Tickets'!$L:$L=""OLT SERVICE DEGRADATION""), 1), """") "),"") | N84: FALSE | O84: FALSE | P84: FALSE | Q84: FALSE
B85: CAGAYAN | C85: APARRI | D85: ARC001-OLT-01 | E85: =NOT(OR(F85, G85, H85, I85)) -> TRUE | F85: =COUNTIFS('OLT DOWN Tickets'!$AB:$AB, "*" & D85 & "*", 'OLT DOWN Tickets'!$L:$L, "OLT DOWN") > 0 -> FALSE | G85: =COUNTIFS('OLT DOWN Tickets'!$AB:$AB, "*" & D85 & "*", 'OLT DOWN Tickets'!$L:$L, "OLT UPLINK LOW POWER") > 0 -> FALSE | H85: =COUNTIFS('OLT DOWN Tickets'!$AB:$AB, "*" & D85 & "*", 'OLT DOWN Tickets'!$L:$L, "OLT UPLINK DOWN") > 0 -> FALSE | I85: =COUNTIFS('OLT DOWN Tickets'!$AB:$AB, "*" & D85 & "*", 'OLT DOWN Tickets'!$L:$L, "OLT SERVICE DEGRADATION") > 0 -> FALSE | J85: =IFERROR(__xludf.DUMMYFUNCTION("IFERROR(INDEX(FILTER('OLT DOWN Tickets'!$F:$F, REGEXMATCH('OLT DOWN Tickets'!$AB:$AB, ""(?i)""&TRIM(D85)), 'OLT DOWN Tickets'!$L:$L=""OLT DOWN""), 1), """")"),"") | K85: =IFERROR(__xludf.DUMMYFUNCTION("IFERROR(INDEX(FILTER('OLT DOWN Tickets'!$F:$F, REGEXMATCH('OLT DOWN Tickets'!$AB:$AB, ""(?i)""&TRIM(D85)), 'OLT DOWN Tickets'!$L:$L=""OLT UPLINK LOW POWER""), 1), """")"),"") | L85: =IFERROR(__xludf.DUMMYFUNCTION("IFERROR(INDEX(FILTER('OLT DOWN Tickets'!$F:$F, REGEXMATCH('OLT DOWN Tickets'!$AB:$AB, ""(?i)""&TRIM(D85)), 'OLT DOWN Tickets'!$L:$L=""OLT UPLINK DOWN""), 1), """")"),"") | M85: =IFERROR(__xludf.DUMMYFUNCTION("IFERROR(INDEX(FILTER('OLT DOWN Tickets'!$F:$F, REGEXMATCH('OLT DOWN Tickets'!$AB:$AB, ""(?i)""&TRIM(D85)), 'OLT DOWN Tickets'!$L:$L=""OLT SERVICE DEGRADATION""), 1), """") "),"") | N85: FALSE | O85: FALSE | P85: FALSE | Q85: FALSE
B86: CAGAYAN | C86: BAGGAO | D86: BOC001-OLT-01 | E86: =NOT(OR(F86, G86, H86, I86)) -> TRUE | F86: =COUNTIFS('OLT DOWN Tickets'!$AB:$AB, "*" & D86 & "*", 'OLT DOWN Tickets'!$L:$L, "OLT DOWN") > 0 -> FALSE | G86: =COUNTIFS('OLT DOWN Tickets'!$AB:$AB, "*" & D86 & "*", 'OLT DOWN Tickets'!$L:$L, "OLT UPLINK LOW POWER") > 0 -> FALSE | H86: =COUNTIFS('OLT DOWN Tickets'!$AB:$AB, "*" & D86 & "*", 'OLT DOWN Tickets'!$L:$L, "OLT UPLINK DOWN") > 0 -> FALSE | I86: =COUNTIFS('OLT DOWN Tickets'!$AB:$AB, "*" & D86 & "*", 'OLT DOWN Tickets'!$L:$L, "OLT SERVICE DEGRADATION") > 0 -> FALSE | J86: =IFERROR(__xludf.DUMMYFUNCTION("IFERROR(INDEX(FILTER('OLT DOWN Tickets'!$F:$F, REGEXMATCH('OLT DOWN Tickets'!$AB:$AB, ""(?i)""&TRIM(D86)), 'OLT DOWN Tickets'!$L:$L=""OLT DOWN""), 1), """")"),"") | K86: =IFERROR(__xludf.DUMMYFUNCTION("IFERROR(INDEX(FILTER('OLT DOWN Tickets'!$F:$F, REGEXMATCH('OLT DOWN Tickets'!$AB:$AB, ""(?i)""&TRIM(D86)), 'OLT DOWN Tickets'!$L:$L=""OLT UPLINK LOW POWER""), 1), """")"),"") | L86: =IFERROR(__xludf.DUMMYFUNCTION("IFERROR(INDEX(FILTER('OLT DOWN Tickets'!$F:$F, REGEXMATCH('OLT DOWN Tickets'!$AB:$AB, ""(?i)""&TRIM(D86)), 'OLT DOWN Tickets'!$L:$L=""OLT UPLINK DOWN""), 1), """")"),"") | M86: =IFERROR(__xludf.DUMMYFUNCTION("IFERROR(INDEX(FILTER('OLT DOWN Tickets'!$F:$F, REGEXMATCH('OLT DOWN Tickets'!$AB:$AB, ""(?i)""&TRIM(D86)), 'OLT DOWN Tickets'!$L:$L=""OLT SERVICE DEGRADATION""), 1), """") "),"") | N86: FALSE | O86: FALSE | P86: FALSE | Q86: FALSE
B87: CAGAYAN | C87: BAGGAO | D87: BOC002-OLT-01 | E87: =NOT(OR(F87, G87, H87, I87)) -> TRUE | F87: =COUNTIFS('OLT DOWN Tickets'!$AB:$AB, "*" & D87 & "*", 'OLT DOWN Tickets'!$L:$L, "OLT DOWN") > 0 -> FALSE | G87: =COUNTIFS('OLT DOWN Tickets'!$AB:$AB, "*" & D87 & "*", 'OLT DOWN Tickets'!$L:$L, "OLT UPLINK LOW POWER") > 0 -> FALSE | H87: =COUNTIFS('OLT DOWN Tickets'!$AB:$AB, "*" & D87 & "*", 'OLT DOWN Tickets'!$L:$L, "OLT UPLINK DOWN") > 0 -> FALSE | I87: =COUNTIFS('OLT DOWN Tickets'!$AB:$AB, "*" & D87 & "*", 'OLT DOWN Tickets'!$L:$L, "OLT SERVICE DEGRADATION") > 0 -> FALSE | J87: =IFERROR(__xludf.DUMMYFUNCTION("IFERROR(INDEX(FILTER('OLT DOWN Tickets'!$F:$F, REGEXMATCH('OLT DOWN Tickets'!$AB:$AB, ""(?i)""&TRIM(D87)), 'OLT DOWN Tickets'!$L:$L=""OLT DOWN""), 1), """")"),"") | K87: =IFERROR(__xludf.DUMMYFUNCTION("IFERROR(INDEX(FILTER('OLT DOWN Tickets'!$F:$F, REGEXMATCH('OLT DOWN Tickets'!$AB:$AB, ""(?i)""&TRIM(D87)), 'OLT DOWN Tickets'!$L:$L=""OLT UPLINK LOW POWER""), 1), """")"),"") | L87: =IFERROR(__xludf.DUMMYFUNCTION("IFERROR(INDEX(FILTER('OLT DOWN Tickets'!$F:$F, REGEXMATCH('OLT DOWN Tickets'!$AB:$AB, ""(?i)""&TRIM(D87)), 'OLT DOWN Tickets'!$L:$L=""OLT UPLINK DOWN""), 1), """")"),"") | M87: =IFERROR(__xludf.DUMMYFUNCTION("IFERROR(INDEX(FILTER('OLT DOWN Tickets'!$F:$F, REGEXMATCH('OLT DOWN Tickets'!$AB:$AB, ""(?i)""&TRIM(D87)), 'OLT DOWN Tickets'!$L:$L=""OLT SERVICE DEGRADATION""), 1), """") "),"") | N87: FALSE | O87: FALSE | P87: FALSE | Q87: FALSE
B88: CAGAYAN | C88: BAGGAO | D88: BOC002-OLT-02 | E88: =NOT(OR(F88, G88, H88, I88)) -> TRUE | F88: =COUNTIFS('OLT DOWN Tickets'!$AB:$AB, "*" & D88 & "*", 'OLT DOWN Tickets'!$L:$L, "OLT DOWN") > 0 -> FALSE | G88: =COUNTIFS('OLT DOWN Tickets'!$AB:$AB, "*" & D88 & "*", 'OLT DOWN Tickets'!$L:$L, "OLT UPLINK LOW POWER") > 0 -> FALSE | H88: =COUNTIFS('OLT DOWN Tickets'!$AB:$AB, "*" & D88 & "*", 'OLT DOWN Tickets'!$L:$L, "OLT UPLINK DOWN") > 0 -> FALSE | I88: =COUNTIFS('OLT DOWN Tickets'!$AB:$AB, "*" & D88 & "*", 'OLT DOWN Tickets'!$L:$L, "OLT SERVICE DEGRADATION") > 0 -> FALSE | J88: =IFERROR(__xludf.DUMMYFUNCTION("IFERROR(INDEX(FILTER('OLT DOWN Tickets'!$F:$F, REGEXMATCH('OLT DOWN Tickets'!$AB:$AB, ""(?i)""&TRIM(D88)), 'OLT DOWN Tickets'!$L:$L=""OLT DOWN""), 1), """")"),"") | K88: =IFERROR(__xludf.DUMMYFUNCTION("IFERROR(INDEX(FILTER('OLT DOWN Tickets'!$F:$F, REGEXMATCH('OLT DOWN Tickets'!$AB:$AB, ""(?i)""&TRIM(D88)), 'OLT DOWN Tickets'!$L:$L=""OLT UPLINK LOW POWER""), 1), """")"),"") | L88: =IFERROR(__xludf.DUMMYFUNCTION("IFERROR(INDEX(FILTER('OLT DOWN Tickets'!$F:$F, REGEXMATCH('OLT DOWN Tickets'!$AB:$AB, ""(?i)""&TRIM(D88)), 'OLT DOWN Tickets'!$L:$L=""OLT UPLINK DOWN""), 1), """")"),"") | M88: =IFERROR(__xludf.DUMMYFUNCTION("IFERROR(INDEX(FILTER('OLT DOWN Tickets'!$F:$F, REGEXMATCH('OLT DOWN Tickets'!$AB:$AB, ""(?i)""&TRIM(D88)), 'OLT DOWN Tickets'!$L:$L=""OLT SERVICE DEGRADATION""), 1), """") "),"") | N88: FALSE | O88: FALSE | P88: FALSE | Q88: FALSE
B89: CAGAYAN | C89: BAGGAO | D89: BOC003-OLT-01 | E89: =NOT(OR(F89, G89, H89, I89)) -> TRUE | F89: =COUNTIFS('OLT DOWN Tickets'!$AB:$AB, "*" & D89 & "*", 'OLT DOWN Tickets'!$L:$L, "OLT DOWN") > 0 -> FALSE | G89: =COUNTIFS('OLT DOWN Tickets'!$AB:$AB, "*" & D89 & "*", 'OLT DOWN Tickets'!$L:$L, "OLT UPLINK LOW POWER") > 0 -> FALSE | H89: =COUNTIFS('OLT DOWN Tickets'!$AB:$AB, "*" & D89 & "*", 'OLT DOWN Tickets'!$L:$L, "OLT UPLINK DOWN") > 0 -> FALSE | I89: =COUNTIFS('OLT DOWN Tickets'!$AB:$AB, "*" & D89 & "*", 'OLT DOWN Tickets'!$L:$L, "OLT SERVICE DEGRADATION") > 0 -> FALSE | J89: =IFERROR(__xludf.DUMMYFUNCTION("IFERROR(INDEX(FILTER('OLT DOWN Tickets'!$F:$F, REGEXMATCH('OLT DOWN Tickets'!$AB:$AB, ""(?i)""&TRIM(D89)), 'OLT DOWN Tickets'!$L:$L=""OLT DOWN""), 1), """")"),"") | K89: =IFERROR(__xludf.DUMMYFUNCTION("IFERROR(INDEX(FILTER('OLT DOWN Tickets'!$F:$F, REGEXMATCH('OLT DOWN Tickets'!$AB:$AB, ""(?i)""&TRIM(D89)), 'OLT DOWN Tickets'!$L:$L=""OLT UPLINK LOW POWER""), 1), """")"),"") | L89: =IFERROR(__xludf.DUMMYFUNCTION("IFERROR(INDEX(FILTER('OLT DOWN Tickets'!$F:$F, REGEXMATCH('OLT DOWN Tickets'!$AB:$AB, ""(?i)""&TRIM(D89)), 'OLT DOWN Tickets'!$L:$L=""OLT UPLINK DOWN""), 1), """")"),"") | M89: =IFERROR(__xludf.DUMMYFUNCTION("IFERROR(INDEX(FILTER('OLT DOWN Tickets'!$F:$F, REGEXMATCH('OLT DOWN Tickets'!$AB:$AB, ""(?i)""&TRIM(D89)), 'OLT DOWN Tickets'!$L:$L=""OLT SERVICE DEGRADATION""), 1), """") "),"") | N89: FALSE | O89: FALSE | P89: FALSE | Q89: FALSE
B90: CAGAYAN | C90: BALLESTEROS | D90: BLC001-OLT-01 | E90: =NOT(OR(F90, G90, H90, I90)) -> TRUE | F90: =COUNTIFS('OLT DOWN Tickets'!$AB:$AB, "*" & D90 & "*", 'OLT DOWN Tickets'!$L:$L, "OLT DOWN") > 0 -> FALSE | G90: =COUNTIFS('OLT DOWN Tickets'!$AB:$AB, "*" & D90 & "*", 'OLT DOWN Tickets'!$L:$L, "OLT UPLINK LOW POWER") > 0 -> FALSE | H90: =COUNTIFS('OLT DOWN Tickets'!$AB:$AB, "*" & D90 & "*", 'OLT DOWN Tickets'!$L:$L, "OLT UPLINK DOWN") > 0 -> FALSE | I90: =COUNTIFS('OLT DOWN Tickets'!$AB:$AB, "*" & D90 & "*", 'OLT DOWN Tickets'!$L:$L, "OLT SERVICE DEGRADATION") > 0 -> FALSE | J90: =IFERROR(__xludf.DUMMYFUNCTION("IFERROR(INDEX(FILTER('OLT DOWN Tickets'!$F:$F, REGEXMATCH('OLT DOWN Tickets'!$AB:$AB, ""(?i)""&TRIM(D90)), 'OLT DOWN Tickets'!$L:$L=""OLT DOWN""), 1), """")"),"") | K90: =IFERROR(__xludf.DUMMYFUNCTION("IFERROR(INDEX(FILTER('OLT DOWN Tickets'!$F:$F, REGEXMATCH('OLT DOWN Tickets'!$AB:$AB, ""(?i)""&TRIM(D90)), 'OLT DOWN Tickets'!$L:$L=""OLT UPLINK LOW POWER""), 1), """")"),"") | L90: =IFERROR(__xludf.DUMMYFUNCTION("IFERROR(INDEX(FILTER('OLT DOWN Tickets'!$F:$F, REGEXMATCH('OLT DOWN Tickets'!$AB:$AB, ""(?i)""&TRIM(D90)), 'OLT DOWN Tickets'!$L:$L=""OLT UPLINK DOWN""), 1), """")"),"") | M90: =IFERROR(__xludf.DUMMYFUNCTION("IFERROR(INDEX(FILTER('OLT DOWN Tickets'!$F:$F, REGEXMATCH('OLT DOWN Tickets'!$AB:$AB, ""(?i)""&TRIM(D90)), 'OLT DOWN Tickets'!$L:$L=""OLT SERVICE DEGRADATION""), 1), """") "),"") | N90: FALSE | O90: FALSE | P90: FALSE | Q90: FALSE
B91: CAGAYAN | C91: BUGUEY | D91: BYC002-OLT-01 | E91: =NOT(OR(F91, G91, H91, I91)) -> TRUE | F91: =COUNTIFS('OLT DOWN Tickets'!$AB:$AB, "*" & D91 & "*", 'OLT DOWN Tickets'!$L:$L, "OLT DOWN") > 0 -> FALSE | G91: =COUNTIFS('OLT DOWN Tickets'!$AB:$AB, "*" & D91 & "*", 'OLT DOWN Tickets'!$L:$L, "OLT UPLINK LOW POWER") > 0 -> FALSE | H91: =COUNTIFS('OLT DOWN Tickets'!$AB:$AB, "*" & D91 & "*", 'OLT DOWN Tickets'!$L:$L, "OLT UPLINK DOWN") > 0 -> FALSE | I91: =COUNTIFS('OLT DOWN Tickets'!$AB:$AB, "*" & D91 & "*", 'OLT DOWN Tickets'!$L:$L, "OLT SERVICE DEGRADATION") > 0 -> FALSE | J91: =IFERROR(__xludf.DUMMYFUNCTION("IFERROR(INDEX(FILTER('OLT DOWN Tickets'!$F:$F, REGEXMATCH('OLT DOWN Tickets'!$AB:$AB, ""(?i)""&TRIM(D91)), 'OLT DOWN Tickets'!$L:$L=""OLT DOWN""), 1), """")"),"") | K91: =IFERROR(__xludf.DUMMYFUNCTION("IFERROR(INDEX(FILTER('OLT DOWN Tickets'!$F:$F, REGEXMATCH('OLT DOWN Tickets'!$AB:$AB, ""(?i)""&TRIM(D91)), 'OLT DOWN Tickets'!$L:$L=""OLT UPLINK LOW POWER""), 1), """")"),"") | L91: =IFERROR(__xludf.DUMMYFUNCTION("IFERROR(INDEX(FILTER('OLT DOWN Tickets'!$F:$F, REGEXMATCH('OLT DOWN Tickets'!$AB:$AB, ""(?i)""&TRIM(D91)), 'OLT DOWN Tickets'!$L:$L=""OLT UPLINK DOWN""), 1), """")"),"") | M91: =IFERROR(__xludf.DUMMYFUNCTION("IFERROR(INDEX(FILTER('OLT DOWN Tickets'!$F:$F, REGEXMATCH('OLT DOWN Tickets'!$AB:$AB, ""(?i)""&TRIM(D91)), 'OLT DOWN Tickets'!$L:$L=""OLT SERVICE DEGRADATION""), 1), """") "),"") | N91: FALSE | O91: FALSE | P91: FALSE | Q91: FALSE
B92: CAGAYAN | C92: BUGUEY | D92: BYC001-OLT-01 | E92: =NOT(OR(F92, G92, H92, I92)) -> TRUE | F92: =COUNTIFS('OLT DOWN Tickets'!$AB:$AB, "*" & D92 & "*", 'OLT DOWN Tickets'!$L:$L, "OLT DOWN") > 0 -> FALSE | G92: =COUNTIFS('OLT DOWN Tickets'!$AB:$AB, "*" & D92 & "*", 'OLT DOWN Tickets'!$L:$L, "OLT UPLINK LOW POWER") > 0 -> FALSE | H92: =COUNTIFS('OLT DOWN Tickets'!$AB:$AB, "*" & D92 & "*", 'OLT DOWN Tickets'!$L:$L, "OLT UPLINK DOWN") > 0 -> FALSE | I92: =COUNTIFS('OLT DOWN Tickets'!$AB:$AB, "*" & D92 & "*", 'OLT DOWN Tickets'!$L:$L, "OLT SERVICE DEGRADATION") > 0 -> FALSE | J92: =IFERROR(__xludf.DUMMYFUNCTION("IFERROR(INDEX(FILTER('OLT DOWN Tickets'!$F:$F, REGEXMATCH('OLT DOWN Tickets'!$AB:$AB, ""(?i)""&TRIM(D92)), 'OLT DOWN Tickets'!$L:$L=""OLT DOWN""), 1), """")"),"") | K92: =IFERROR(__xludf.DUMMYFUNCTION("IFERROR(INDEX(FILTER('OLT DOWN Tickets'!$F:$F, REGEXMATCH('OLT DOWN Tickets'!$AB:$AB, ""(?i)""&TRIM(D92)), 'OLT DOWN Tickets'!$L:$L=""OLT UPLINK LOW POWER""), 1), """")"),"") | L92: =IFERROR(__xludf.DUMMYFUNCTION("IFERROR(INDEX(FILTER('OLT DOWN Tickets'!$F:$F, REGEXMATCH('OLT DOWN Tickets'!$AB:$AB, ""(?i)""&TRIM(D92)), 'OLT DOWN Tickets'!$L:$L=""OLT UPLINK DOWN""), 1), """")"),"") | M92: =IFERROR(__xludf.DUMMYFUNCTION("IFERROR(INDEX(FILTER('OLT DOWN Tickets'!$F:$F, REGEXMATCH('OLT DOWN Tickets'!$AB:$AB, ""(?i)""&TRIM(D92)), 'OLT DOWN Tickets'!$L:$L=""OLT SERVICE DEGRADATION""), 1), """") "),"") | N92: FALSE | O92: FALSE | P92: FALSE | Q92: FALSE
B93: CAGAYAN | C93: CAMALANIUGAN | D93: CMC001-OLT-01 | E93: =NOT(OR(F93, G93, H93, I93)) -> TRUE | F93: =COUNTIFS('OLT DOWN Tickets'!$AB:$AB, "*" & D93 & "*", 'OLT DOWN Tickets'!$L:$L, "OLT DOWN") > 0 -> FALSE | G93: =COUNTIFS('OLT DOWN Tickets'!$AB:$AB, "*" & D93 & "*", 'OLT DOWN Tickets'!$L:$L, "OLT UPLINK LOW POWER") > 0 -> FALSE | H93: =COUNTIFS('OLT DOWN Tickets'!$AB:$AB, "*" & D93 & "*", 'OLT DOWN Tickets'!$L:$L, "OLT UPLINK DOWN") > 0 -> FALSE | I93: =COUNTIFS('OLT DOWN Tickets'!$AB:$AB, "*" & D93 & "*", 'OLT DOWN Tickets'!$L:$L, "OLT SERVICE DEGRADATION") > 0 -> FALSE | J93: =IFERROR(__xludf.DUMMYFUNCTION("IFERROR(INDEX(FILTER('OLT DOWN Tickets'!$F:$F, REGEXMATCH('OLT DOWN Tickets'!$AB:$AB, ""(?i)""&TRIM(D93)), 'OLT DOWN Tickets'!$L:$L=""OLT DOWN""), 1), """")"),"") | K93: =IFERROR(__xludf.DUMMYFUNCTION("IFERROR(INDEX(FILTER('OLT DOWN Tickets'!$F:$F, REGEXMATCH('OLT DOWN Tickets'!$AB:$AB, ""(?i)""&TRIM(D93)), 'OLT DOWN Tickets'!$L:$L=""OLT UPLINK LOW POWER""), 1), """")"),"") | L93: =IFERROR(__xludf.DUMMYFUNCTION("IFERROR(INDEX(FILTER('OLT DOWN Tickets'!$F:$F, REGEXMATCH('OLT DOWN Tickets'!$AB:$AB, ""(?i)""&TRIM(D93)), 'OLT DOWN Tickets'!$L:$L=""OLT UPLINK DOWN""), 1), """")"),"") | M93: =IFERROR(__xludf.DUMMYFUNCTION("IFERROR(INDEX(FILTER('OLT DOWN Tickets'!$F:$F, REGEXMATCH('OLT DOWN Tickets'!$AB:$AB, ""(?i)""&TRIM(D93)), 'OLT DOWN Tickets'!$L:$L=""OLT SERVICE DEGRADATION""), 1), """") "),"") | N93: FALSE | O93: FALSE | P93: FALSE | Q93: FALSE
B94: CAGAYAN | C94: CAMALANIUGAN | D94: CMC001-OLT-02 | E94: =NOT(OR(F94, G94, H94, I94)) -> TRUE | F94: =COUNTIFS('OLT DOWN Tickets'!$AB:$AB, "*" & D94 & "*", 'OLT DOWN Tickets'!$L:$L, "OLT DOWN") > 0 -> FALSE | G94: =COUNTIFS('OLT DOWN Tickets'!$AB:$AB, "*" & D94 & "*", 'OLT DOWN Tickets'!$L:$L, "OLT UPLINK LOW POWER") > 0 -> FALSE | H94: =COUNTIFS('OLT DOWN Tickets'!$AB:$AB, "*" & D94 & "*", 'OLT DOWN Tickets'!$L:$L, "OLT UPLINK DOWN") > 0 -> FALSE | I94: =COUNTIFS('OLT DOWN Tickets'!$AB:$AB, "*" & D94 & "*", 'OLT DOWN Tickets'!$L:$L, "OLT SERVICE DEGRADATION") > 0 -> FALSE | J94: =IFERROR(__xludf.DUMMYFUNCTION("IFERROR(INDEX(FILTER('OLT DOWN Tickets'!$F:$F, REGEXMATCH('OLT DOWN Tickets'!$AB:$AB, ""(?i)""&TRIM(D94)), 'OLT DOWN Tickets'!$L:$L=""OLT DOWN""), 1), """")"),"") | K94: =IFERROR(__xludf.DUMMYFUNCTION("IFERROR(INDEX(FILTER('OLT DOWN Tickets'!$F:$F, REGEXMATCH('OLT DOWN Tickets'!$AB:$AB, ""(?i)""&TRIM(D94)), 'OLT DOWN Tickets'!$L:$L=""OLT UPLINK LOW POWER""), 1), """")"),"") | L94: =IFERROR(__xludf.DUMMYFUNCTION("IFERROR(INDEX(FILTER('OLT DOWN Tickets'!$F:$F, REGEXMATCH('OLT DOWN Tickets'!$AB:$AB, ""(?i)""&TRIM(D94)), 'OLT DOWN Tickets'!$L:$L=""OLT UPLINK DOWN""), 1), """")"),"") | M94: =IFERROR(__xludf.DUMMYFUNCTION("IFERROR(INDEX(FILTER('OLT DOWN Tickets'!$F:$F, REGEXMATCH('OLT DOWN Tickets'!$AB:$AB, ""(?i)""&TRIM(D94)), 'OLT DOWN Tickets'!$L:$L=""OLT SERVICE DEGRADATION""), 1), """") "),"") | N94: FALSE | O94: FALSE | P94: FALSE | Q94: FALSE
B95: CAGAYAN | C95: CLAVERIA | D95: CEC001-OLT-01 | E95: =NOT(OR(F95, G95, H95, I95)) -> TRUE | F95: =COUNTIFS('OLT DOWN Tickets'!$AB:$AB, "*" & D95 & "*", 'OLT DOWN Tickets'!$L:$L, "OLT DOWN") > 0 -> FALSE | G95: =COUNTIFS('OLT DOWN Tickets'!$AB:$AB, "*" & D95 & "*", 'OLT DOWN Tickets'!$L:$L, "OLT UPLINK LOW POWER") > 0 -> FALSE | H95: =COUNTIFS('OLT DOWN Tickets'!$AB:$AB, "*" & D95 & "*", 'OLT DOWN Tickets'!$L:$L, "OLT UPLINK DOWN") > 0 -> FALSE | I95: =COUNTIFS('OLT DOWN Tickets'!$AB:$AB, "*" & D95 & "*", 'OLT DOWN Tickets'!$L:$L, "OLT SERVICE DEGRADATION") > 0 -> FALSE | J95: =IFERROR(__xludf.DUMMYFUNCTION("IFERROR(INDEX(FILTER('OLT DOWN Tickets'!$F:$F, REGEXMATCH('OLT DOWN Tickets'!$AB:$AB, ""(?i)""&TRIM(D95)), 'OLT DOWN Tickets'!$L:$L=""OLT DOWN""), 1), """")"),"") | K95: =IFERROR(__xludf.DUMMYFUNCTION("IFERROR(INDEX(FILTER('OLT DOWN Tickets'!$F:$F, REGEXMATCH('OLT DOWN Tickets'!$AB:$AB, ""(?i)""&TRIM(D95)), 'OLT DOWN Tickets'!$L:$L=""OLT UPLINK LOW POWER""), 1), """")"),"") | L95: =IFERROR(__xludf.DUMMYFUNCTION("IFERROR(INDEX(FILTER('OLT DOWN Tickets'!$F:$F, REGEXMATCH('OLT DOWN Tickets'!$AB:$AB, ""(?i)""&TRIM(D95)), 'OLT DOWN Tickets'!$L:$L=""OLT UPLINK DOWN""), 1), """")"),"") | M95: =IFERROR(__xludf.DUMMYFUNCTION("IFERROR(INDEX(FILTER('OLT DOWN Tickets'!$F:$F, REGEXMATCH('OLT DOWN Tickets'!$AB:$AB, ""(?i)""&TRIM(D95)), 'OLT DOWN Tickets'!$L:$L=""OLT SERVICE DEGRADATION""), 1), """") "),"") | N95: FALSE | O95: FALSE | P95: FALSE | Q95: FALSE
B96: CAGAYAN | C96: DUPAX DEL NORTE | D96: DNV001-OLT-01 | E96: =NOT(OR(F96, G96, H96, I96)) -> TRUE | F96: =COUNTIFS('OLT DOWN Tickets'!$AB:$AB, "*" & D96 & "*", 'OLT DOWN Tickets'!$L:$L, "OLT DOWN") > 0 -> FALSE | G96: =COUNTIFS('OLT DOWN Tickets'!$AB:$AB, "*" & D96 & "*", 'OLT DOWN Tickets'!$L:$L, "OLT UPLINK LOW POWER") > 0 -> FALSE | H96: =COUNTIFS('OLT DOWN Tickets'!$AB:$AB, "*" & D96 & "*", 'OLT DOWN Tickets'!$L:$L, "OLT UPLINK DOWN") > 0 -> FALSE | I96: =COUNTIFS('OLT DOWN Tickets'!$AB:$AB, "*" & D96 & "*", 'OLT DOWN Tickets'!$L:$L, "OLT SERVICE DEGRADATION") > 0 -> FALSE | J96: =IFERROR(__xludf.DUMMYFUNCTION("IFERROR(INDEX(FILTER('OLT DOWN Tickets'!$F:$F, REGEXMATCH('OLT DOWN Tickets'!$AB:$AB, ""(?i)""&TRIM(D96)), 'OLT DOWN Tickets'!$L:$L=""OLT DOWN""), 1), """")"),"") | K96: =IFERROR(__xludf.DUMMYFUNCTION("IFERROR(INDEX(FILTER('OLT DOWN Tickets'!$F:$F, REGEXMATCH('OLT DOWN Tickets'!$AB:$AB, ""(?i)""&TRIM(D96)), 'OLT DOWN Tickets'!$L:$L=""OLT UPLINK LOW POWER""), 1), """")"),"") | L96: =IFERROR(__xludf.DUMMYFUNCTION("IFERROR(INDEX(FILTER('OLT DOWN Tickets'!$F:$F, REGEXMATCH('OLT DOWN Tickets'!$AB:$AB, ""(?i)""&TRIM(D96)), 'OLT DOWN Tickets'!$L:$L=""OLT UPLINK DOWN""), 1), """")"),"") | M96: =IFERROR(__xludf.DUMMYFUNCTION("IFERROR(INDEX(FILTER('OLT DOWN Tickets'!$F:$F, REGEXMATCH('OLT DOWN Tickets'!$AB:$AB, ""(?i)""&TRIM(D96)), 'OLT DOWN Tickets'!$L:$L=""OLT SERVICE DEGRADATION""), 1), """") "),"") | N96: FALSE | O96: FALSE | P96: FALSE | Q96: FALSE
B97: CAGAYAN | C97: ENRILE | D97: ENC001-OLT-01 | E97: =NOT(OR(F97, G97, H97, I97)) -> TRUE | F97: =COUNTIFS('OLT DOWN Tickets'!$AB:$AB, "*" & D97 & "*", 'OLT DOWN Tickets'!$L:$L, "OLT DOWN") > 0 -> FALSE | G97: =COUNTIFS('OLT DOWN Tickets'!$AB:$AB, "*" & D97 & "*", 'OLT DOWN Tickets'!$L:$L, "OLT UPLINK LOW POWER") > 0 -> FALSE | H97: =COUNTIFS('OLT DOWN Tickets'!$AB:$AB, "*" & D97 & "*", 'OLT DOWN Tickets'!$L:$L, "OLT UPLINK DOWN") > 0 -> FALSE | I97: =COUNTIFS('OLT DOWN Tickets'!$AB:$AB, "*" & D97 & "*", 'OLT DOWN Tickets'!$L:$L, "OLT SERVICE DEGRADATION") > 0 -> FALSE | J97: =IFERROR(__xludf.DUMMYFUNCTION("IFERROR(INDEX(FILTER('OLT DOWN Tickets'!$F:$F, REGEXMATCH('OLT DOWN Tickets'!$AB:$AB, ""(?i)""&TRIM(D97)), 'OLT DOWN Tickets'!$L:$L=""OLT DOWN""), 1), """")"),"") | K97: =IFERROR(__xludf.DUMMYFUNCTION("IFERROR(INDEX(FILTER('OLT DOWN Tickets'!$F:$F, REGEXMATCH('OLT DOWN Tickets'!$AB:$AB, ""(?i)""&TRIM(D97)), 'OLT DOWN Tickets'!$L:$L=""OLT UPLINK LOW POWER""), 1), """")"),"") | L97: =IFERROR(__xludf.DUMMYFUNCTION("IFERROR(INDEX(FILTER('OLT DOWN Tickets'!$F:$F, REGEXMATCH('OLT DOWN Tickets'!$AB:$AB, ""(?i)""&TRIM(D97)), 'OLT DOWN Tickets'!$L:$L=""OLT UPLINK DOWN""), 1), """")"),"") | M97: =IFERROR(__xludf.DUMMYFUNCTION("IFERROR(INDEX(FILTER('OLT DOWN Tickets'!$F:$F, REGEXMATCH('OLT DOWN Tickets'!$AB:$AB, ""(?i)""&TRIM(D97)), 'OLT DOWN Tickets'!$L:$L=""OLT SERVICE DEGRADATION""), 1), """") "),"") | N97: FALSE | O97: FALSE | P97: FALSE | Q97: FALSE
B98: CAGAYAN | C98: ENRILE | D98: ENC001-OLT-02 | E98: =NOT(OR(F98, G98, H98, I98)) -> TRUE | F98: =COUNTIFS('OLT DOWN Tickets'!$AB:$AB, "*" & D98 & "*", 'OLT DOWN Tickets'!$L:$L, "OLT DOWN") > 0 -> FALSE | G98: =COUNTIFS('OLT DOWN Tickets'!$AB:$AB, "*" & D98 & "*", 'OLT DOWN Tickets'!$L:$L, "OLT UPLINK LOW POWER") > 0 -> FALSE | H98: =COUNTIFS('OLT DOWN Tickets'!$AB:$AB, "*" & D98 & "*", 'OLT DOWN Tickets'!$L:$L, "OLT UPLINK DOWN") > 0 -> FALSE | I98: =COUNTIFS('OLT DOWN Tickets'!$AB:$AB, "*" & D98 & "*", 'OLT DOWN Tickets'!$L:$L, "OLT SERVICE DEGRADATION") > 0 -> FALSE | J98: =IFERROR(__xludf.DUMMYFUNCTION("IFERROR(INDEX(FILTER('OLT DOWN Tickets'!$F:$F, REGEXMATCH('OLT DOWN Tickets'!$AB:$AB, ""(?i)""&TRIM(D98)), 'OLT DOWN Tickets'!$L:$L=""OLT DOWN""), 1), """")"),"") | K98: =IFERROR(__xludf.DUMMYFUNCTION("IFERROR(INDEX(FILTER('OLT DOWN Tickets'!$F:$F, REGEXMATCH('OLT DOWN Tickets'!$AB:$AB, ""(?i)""&TRIM(D98)), 'OLT DOWN Tickets'!$L:$L=""OLT UPLINK LOW POWER""), 1), """")"),"") | L98: =IFERROR(__xludf.DUMMYFUNCTION("IFERROR(INDEX(FILTER('OLT DOWN Tickets'!$F:$F, REGEXMATCH('OLT DOWN Tickets'!$AB:$AB, ""(?i)""&TRIM(D98)), 'OLT DOWN Tickets'!$L:$L=""OLT UPLINK DOWN""), 1), """")"),"") | M98: =IFERROR(__xludf.DUMMYFUNCTION("IFERROR(INDEX(FILTER('OLT DOWN Tickets'!$F:$F, REGEXMATCH('OLT DOWN Tickets'!$AB:$AB, ""(?i)""&TRIM(D98)), 'OLT DOWN Tickets'!$L:$L=""OLT SERVICE DEGRADATION""), 1), """") "),"") | N98: FALSE | O98: FALSE | P98: FALSE | Q98: FALSE
B99: CAGAYAN | C99: GATTARAN | D99: GTC001-OLT-01 | E99: =NOT(OR(F99, G99, H99, I99)) -> TRUE | F99: =COUNTIFS('OLT DOWN Tickets'!$AB:$AB, "*" & D99 & "*", 'OLT DOWN Tickets'!$L:$L, "OLT DOWN") > 0 -> FALSE | G99: =COUNTIFS('OLT DOWN Tickets'!$AB:$AB, "*" & D99 & "*", 'OLT DOWN Tickets'!$L:$L, "OLT UPLINK LOW POWER") > 0 -> FALSE | H99: =COUNTIFS('OLT DOWN Tickets'!$AB:$AB, "*" & D99 & "*", 'OLT DOWN Tickets'!$L:$L, "OLT UPLINK DOWN") > 0 -> FALSE | I99: =COUNTIFS('OLT DOWN Tickets'!$AB:$AB, "*" & D99 & "*", 'OLT DOWN Tickets'!$L:$L, "OLT SERVICE DEGRADATION") > 0 -> FALSE | J99: =IFERROR(__xludf.DUMMYFUNCTION("IFERROR(INDEX(FILTER('OLT DOWN Tickets'!$F:$F, REGEXMATCH('OLT DOWN Tickets'!$AB:$AB, ""(?i)""&TRIM(D99)), 'OLT DOWN Tickets'!$L:$L=""OLT DOWN""), 1), """")"),"") | K99: =IFERROR(__xludf.DUMMYFUNCTION("IFERROR(INDEX(FILTER('OLT DOWN Tickets'!$F:$F, REGEXMATCH('OLT DOWN Tickets'!$AB:$AB, ""(?i)""&TRIM(D99)), 'OLT DOWN Tickets'!$L:$L=""OLT UPLINK LOW POWER""), 1), """")"),"") | L99: =IFERROR(__xludf.DUMMYFUNCTION("IFERROR(INDEX(FILTER('OLT DOWN Tickets'!$F:$F, REGEXMATCH('OLT DOWN Tickets'!$AB:$AB, ""(?i)""&TRIM(D99)), 'OLT DOWN Tickets'!$L:$L=""OLT UPLINK DOWN""), 1), """")"),"") | M99: =IFERROR(__xludf.DUMMYFUNCTION("IFERROR(INDEX(FILTER('OLT DOWN Tickets'!$F:$F, REGEXMATCH('OLT DOWN Tickets'!$AB:$AB, ""(?i)""&TRIM(D99)), 'OLT DOWN Tickets'!$L:$L=""OLT SERVICE DEGRADATION""), 1), """") "),"") | N99: FALSE | O99: FALSE | P99: FALSE | Q99: FALSE
B100: CAGAYAN | C100: GATTARAN | D100: GTC001-OLT-02 | E100: =NOT(OR(F100, G100, H100, I100)) -> TRUE | F100: =COUNTIFS('OLT DOWN Tickets'!$AB:$AB, "*" & D100 & "*", 'OLT DOWN Tickets'!$L:$L, "OLT DOWN") > 0 -> FALSE | G100: =COUNTIFS('OLT DOWN Tickets'!$AB:$AB, "*" & D100 & "*", 'OLT DOWN Tickets'!$L:$L, "OLT UPLINK LOW POWER") > 0 -> FALSE | H100: =COUNTIFS('OLT DOWN Tickets'!$AB:$AB, "*" & D100 & "*", 'OLT DOWN Tickets'!$L:$L, "OLT UPLINK DOWN") > 0 -> FALSE | I100: =COUNTIFS('OLT DOWN Tickets'!$AB:$AB, "*" & D100 & "*", 'OLT DOWN Tickets'!$L:$L, "OLT SERVICE DEGRADATION") > 0 -> FALSE | J100: =IFERROR(__xludf.DUMMYFUNCTION("IFERROR(INDEX(FILTER('OLT DOWN Tickets'!$F:$F, REGEXMATCH('OLT DOWN Tickets'!$AB:$AB, ""(?i)""&TRIM(D100)), 'OLT DOWN Tickets'!$L:$L=""OLT DOWN""), 1), """")"),"") | K100: =IFERROR(__xludf.DUMMYFUNCTION("IFERROR(INDEX(FILTER('OLT DOWN Tickets'!$F:$F, REGEXMATCH('OLT DOWN Tickets'!$AB:$AB, ""(?i)""&TRIM(D100)), 'OLT DOWN Tickets'!$L:$L=""OLT UPLINK LOW POWER""), 1), """")"),"") | L100: =IFERROR(__xludf.DUMMYFUNCTION("IFERROR(INDEX(FILTER('OLT DOWN Tickets'!$F:$F, REGEXMATCH('OLT DOWN Tickets'!$AB:$AB, ""(?i)""&TRIM(D100)), 'OLT DOWN Tickets'!$L:$L=""OLT UPLINK DOWN""), 1), """")"),"") | M100: =IFERROR(__xludf.DUMMYFUNCTION("IFERROR(INDEX(FILTER('OLT DOWN Tickets'!$F:$F, REGEXMATCH('OLT DOWN Tickets'!$AB:$AB, ""(?i)""&TRIM(D100)), 'OLT DOWN Tickets'!$L:$L=""OLT SERVICE DEGRADATION""), 1), """") "),"") | N100: FALSE | O100: FALSE | P100: FALSE | Q100: FALSE
...

Sheet LCP Tickets
B1: MONTH YEAR | C1: DATE | D1: PROVINCE | E1: AREA | F1: TICKET | I1: DESCRIPTION | J1: CLIENTS | K1: IMPACT | L1: ISSUE | M1: FROM | N1: DOWN TIME | O1: DATE ENDORSED | AB1: NUMBER OF LCPS | AC1: NUMBER OF CLIENTS
A2: =IFERROR(__xludf.DUMMYFUNCTION("{QUERY(IMPORTRANGE(""https://docs.google.com/spreadsheets/d/159m0SlQEB-oUSGHGADISir5i6z0XvjIus0AdRtE24Lg"",""2025 NOC TICKETS!A2:AA""),""Select * where Col1 ='LCP' ORDER BY Col4, Col1"")}"),"LCP") -> LCP | B2: =IFERROR(__xludf.DUMMYFUNCTION("""COMPUTED_VALUE"""),"August, 2026") -> August, 2026 | C2: =IFERROR(__xludf.DUMMYFUNCTION("""COMPUTED_VALUE"""),46241.0) -> 46241 | D2: =IFERROR(__xludf.DUMMYFUNCTION("""COMPUTED_VALUE"""),"BENGUET") -> BENGUET | E2: =IFERROR(__xludf.DUMMYFUNCTION("""COMPUTED_VALUE"""),"ATOK") -> ATOK | F2: =IFERROR(__xludf.DUMMYFUNCTION("""COMPUTED_VALUE"""),"TT-20260807-00000178") -> TT-20260807-00000178 | H2: =IFERROR(__xludf.DUMMYFUNCTION("""COMPUTED_VALUE"""),"TT-20260807-00000178 | BENGUET | ATOK | SA | LCP DOWN | TT-20260807-00000178 SA - LCP DOWN - BENGUET - ATB002-OLT-01 (0/1/15) LP16 SFDC Ticket ID INC-000126102 Affected Nodes/Links ATB002-OLT-01 0/1/15 ATB002 LP16 16.637285 120.765578 Affecte"&"d Users (From IM) 3 Start Time 2026-08-07 11:07:15") -> TT-20260807-00000178 | BENGUET | ATOK | SA | LCP DOWN | TT-20260807-00000178 SA - LCP DOWN - BENGUET - ATB002-OLT-01 (0/1/15) LP16 SFDC Ticket ID INC-000126102 Affected Nodes/Links ATB002-OLT-01 0/1/15 ATB002 LP16 16.637285 120.765578 Affected Users (From IM) 3 Start Time 2026-08-07 11:07:15 | I2: =IFERROR(__xludf.DUMMYFUNCTION("""COMPUTED_VALUE"""),"TT-20260807-00000178 SA - LCP DOWN - BENGUET - ATB002-OLT-01 (0/1/15) LP16 SFDC Ticket ID INC-000126102 Affected Nodes/Links ATB002-OLT-01 0/1/15 ATB002 LP16 16.637285 120.765578 Affected Users (From IM) 3 Start Time 2026-08-07 11:07:15") -> TT-20260807-00000178 SA - LCP DOWN - BENGUET - ATB002-OLT-01 (0/1/15) LP16 SFDC Ticket ID INC-000126102 Affected Nodes/Links ATB002-OLT-01 0/1/15 ATB002 LP16 16.637285 120.765578 Affected Users (From IM) 3 Start Time 2026-08-07 11:07:15 | K2: =IFERROR(__xludf.DUMMYFUNCTION("""COMPUTED_VALUE"""),"SA") -> SA | L2: =IFERROR(__xludf.DUMMYFUNCTION("""COMPUTED_VALUE"""),"LCP DOWN") -> LCP DOWN | M2: =IFERROR(__xludf.DUMMYFUNCTION("""COMPUTED_VALUE"""),"GNOC") -> GNOC | N2: =IFERROR(__xludf.DUMMYFUNCTION("""COMPUTED_VALUE"""),46241.47682793982) -> 46241.477 | O2: =IFERROR(__xludf.DUMMYFUNCTION("""COMPUTED_VALUE"""),46241.47682793982) -> 46241.477 | X2: =IFERROR(__xludf.DUMMYFUNCTION("""COMPUTED_VALUE"""),"-") -> - | Z2: =IFERROR(__xludf.DUMMYFUNCTION("""COMPUTED_VALUE"""),46249.06423988426) -> 46249.064 | AA2: =IFERROR(__xludf.DUMMYFUNCTION("""COMPUTED_VALUE"""),7.587411944446083) -> 7.5874119 | AB2: =IFERROR(__xludf.DUMMYFUNCTION("LEN(REGEXREPLACE(REGEXREPLACE(REGEXEXTRACT(I2, ""(?s)Affected Nodes/Links(.*)""), ""https://[^\s]+"", """"), ""[^/]"", """")) / 2"),1.0) -> 1 | AC2: =IFERROR(__xludf.DUMMYFUNCTION("IFERROR(VALUE(REGEXEXTRACT(I2, ""No\.? of [Ss]ubs:\s*(\d+)"")), 0) + IFERROR(VALUE(REGEXEXTRACT(I2, ""Affected Users(?:\s*\(From IM\))?:?\s*(\d+)"")), 0) + IFERROR(VALUE(REGEXEXTRACT(I2, ""Affected Clients:\s*(\d+)"")), 0)"),3.0) -> 3
A3: =IFERROR(__xludf.DUMMYFUNCTION("""COMPUTED_VALUE"""),"LCP") -> LCP | B3: =IFERROR(__xludf.DUMMYFUNCTION("""COMPUTED_VALUE"""),"August, 2026") -> August, 2026 | C3: =IFERROR(__xludf.DUMMYFUNCTION("""COMPUTED_VALUE"""),46241.0) -> 46241 | D3: =IFERROR(__xludf.DUMMYFUNCTION("""COMPUTED_VALUE"""),"BENGUET") -> BENGUET | E3: =IFERROR(__xludf.DUMMYFUNCTION("""COMPUTED_VALUE"""),"ATOK") -> ATOK | F3: =IFERROR(__xludf.DUMMYFUNCTION("""COMPUTED_VALUE"""),"TT-20260807-00000431") -> TT-20260807-00000431 | H3: =IFERROR(__xludf.DUMMYFUNCTION("""COMPUTED_VALUE"""),"TT-20260807-00000431 | BENGUET | ATOK | SA | LCP DOWN | TT-20260807-00000431 SA - MULTIPLE LCP DOWN - BENGUET - ATB002-OLT-01 Affected Nodes/Links ATB002-OLT-01 0/1/12 ATB002-OLT-01 0/1/13 ATB002 LP13 NP1 16.630321 120.76314 Affected Users "&"(From IM) 10 Start Time 2026-08-07 19:42:27") -> TT-20260807-00000431 | BENGUET | ATOK | SA | LCP DOWN | TT-20260807-00000431 SA - MULTIPLE LCP DOWN - BENGUET - ATB002-OLT-01 Affected Nodes/Links ATB002-OLT-01 0/1/12 ATB002-OLT-01 0/1/13 ATB002 LP13 NP1 16.630321 120.76314 Affected Users (From IM) 10 Start Time 2026-08-07 19:42:27 | I3: =IFERROR(__xludf.DUMMYFUNCTION("""COMPUTED_VALUE"""),"TT-20260807-00000431 SA - MULTIPLE LCP DOWN - BENGUET - ATB002-OLT-01 Affected Nodes/Links ATB002-OLT-01 0/1/12 ATB002-OLT-01 0/1/13 ATB002 LP13 NP1 16.630321 120.76314 Affected Users (From IM) 10 Start Time 2026-08-07 19:42:27") -> TT-20260807-00000431 SA - MULTIPLE LCP DOWN - BENGUET - ATB002-OLT-01 Affected Nodes/Links ATB002-OLT-01 0/1/12 ATB002-OLT-01 0/1/13 ATB002 LP13 NP1 16.630321 120.76314 Affected Users (From IM) 10 Start Time 2026-08-07 19:42:27 | J3: =IFERROR(__xludf.DUMMYFUNCTION("""COMPUTED_VALUE"""),10.0) -> 10 | K3: =IFERROR(__xludf.DUMMYFUNCTION("""COMPUTED_VALUE"""),"SA") -> SA | L3: =IFERROR(__xludf.DUMMYFUNCTION("""COMPUTED_VALUE"""),"LCP DOWN") -> LCP DOWN | M3: =IFERROR(__xludf.DUMMYFUNCTION("""COMPUTED_VALUE"""),"GNOC") -> GNOC | N3: =IFERROR(__xludf.DUMMYFUNCTION("""COMPUTED_VALUE"""),46241.82114583333) -> 46241.821 | O3: =IFERROR(__xludf.DUMMYFUNCTION("""COMPUTED_VALUE"""),46241.82114583333) -> 46241.821 | X3: =IFERROR(__xludf.DUMMYFUNCTION("""COMPUTED_VALUE"""),"-") -> - | Z3: =IFERROR(__xludf.DUMMYFUNCTION("""COMPUTED_VALUE"""),46249.06423988426) -> 46249.064 | AA3: =IFERROR(__xludf.DUMMYFUNCTION("""COMPUTED_VALUE"""),7.243094050925959) -> 7.2430941 | AB3: =IFERROR(__xludf.DUMMYFUNCTION("LEN(REGEXREPLACE(REGEXREPLACE(REGEXEXTRACT(I3, ""(?s)Affected Nodes/Links(.*)""), ""https://[^\s]+"", """"), ""[^/]"", """")) / 2"),2.0) -> 2 | AC3: =IFERROR(__xludf.DUMMYFUNCTION("IFERROR(VALUE(REGEXEXTRACT(I3, ""No\.? of [Ss]ubs:\s*(\d+)"")), 0) + IFERROR(VALUE(REGEXEXTRACT(I3, ""Affected Users(?:\s*\(From IM\))?:?\s*(\d+)"")), 0) + IFERROR(VALUE(REGEXEXTRACT(I3, ""Affected Clients:\s*(\d+)"")), 0)"),10.0) -> 10
A4: =IFERROR(__xludf.DUMMYFUNCTION("""COMPUTED_VALUE"""),"LCP") -> LCP | B4: =IFERROR(__xludf.DUMMYFUNCTION("""COMPUTED_VALUE"""),"August, 2026") -> August, 2026 | C4: =IFERROR(__xludf.DUMMYFUNCTION("""COMPUTED_VALUE"""),46247.0) -> 46247 | D4: =IFERROR(__xludf.DUMMYFUNCTION("""COMPUTED_VALUE"""),"BENGUET") -> BENGUET | E4: =IFERROR(__xludf.DUMMYFUNCTION("""COMPUTED_VALUE"""),"MANKAYAN") -> MANKAYAN | F4: =IFERROR(__xludf.DUMMYFUNCTION("""COMPUTED_VALUE"""),"TT-20260813-00000374") -> TT-20260813-00000374 | H4: =IFERROR(__xludf.DUMMYFUNCTION("""COMPUTED_VALUE"""),"TT-20260813-00000374 | BENGUET | MANKAYAN | SA | LCP DOWN | TT-20260813-00000374 SA - LCP DOWN - BENGUET - MYB001-OLT-01 (0/3/9) LP42 SFDC Ticket ID INC-000127992 Affected Nodes/Links MYB001-OLT-01 0/3/9 Affected Users (From IM) 6 Start Time 202"&"6-08-13 16:38:15 ---------------""") -> TT-20260813-00000374 | BENGUET | MANKAYAN | SA | LCP DOWN | TT-20260813-00000374 SA - LCP DOWN - BENGUET - MYB001-OLT-01 (0/3/9) LP42 SFDC Ticket ID INC-000127992 Affected Nodes/Links MYB001-OLT-01 0/3/9 Affected Users (From IM) 6 Start Time 2026-08-13 16:38:15 ---------------" | I4: =IFERROR(__xludf.DUMMYFUNCTION("""COMPUTED_VALUE"""),"TT-20260813-00000374 SA - LCP DOWN - BENGUET - MYB001-OLT-01 (0/3/9) LP42 SFDC Ticket ID INC-000127992 Affected Nodes/Links MYB001-OLT-01 0/3/9 Affected Users (From IM) 6 Start Time 2026-08-13 16:38:15 ---------------""") -> TT-20260813-00000374 SA - LCP DOWN - BENGUET - MYB001-OLT-01 (0/3/9) LP42 SFDC Ticket ID INC-000127992 Affected Nodes/Links MYB001-OLT-01 0/3/9 Affected Users (From IM) 6 Start Time 2026-08-13 16:38:15 ---------------" | K4: =IFERROR(__xludf.DUMMYFUNCTION("""COMPUTED_VALUE"""),"SA") -> SA | L4: =IFERROR(__xludf.DUMMYFUNCTION("""COMPUTED_VALUE"""),"LCP DOWN") -> LCP DOWN | M4: =IFERROR(__xludf.DUMMYFUNCTION("""COMPUTED_VALUE"""),"GNOC") -> GNOC | N4: =IFERROR(__xludf.DUMMYFUNCTION("""COMPUTED_VALUE"""),46247.624131944445) -> 46247.624 | O4: =IFERROR(__xludf.DUMMYFUNCTION("""COMPUTED_VALUE"""),46247.624131944445) -> 46247.624 | X4: =IFERROR(__xludf.DUMMYFUNCTION("""COMPUTED_VALUE"""),"-") -> - | Z4: =IFERROR(__xludf.DUMMYFUNCTION("""COMPUTED_VALUE"""),46249.06423988426) -> 46249.064 | AA4: =IFERROR(__xludf.DUMMYFUNCTION("""COMPUTED_VALUE"""),1.4401079398160275) -> 1.4401079 | AB4: =IFERROR(__xludf.DUMMYFUNCTION("LEN(REGEXREPLACE(REGEXREPLACE(REGEXEXTRACT(I4, ""(?s)Affected Nodes/Links(.*)""), ""https://[^\s]+"", """"), ""[^/]"", """")) / 2"),1.0) -> 1 | AC4: =IFERROR(__xludf.DUMMYFUNCTION("IFERROR(VALUE(REGEXEXTRACT(I4, ""No\.? of [Ss]ubs:\s*(\d+)"")), 0) + IFERROR(VALUE(REGEXEXTRACT(I4, ""Affected Users(?:\s*\(From IM\))?:?\s*(\d+)"")), 0) + IFERROR(VALUE(REGEXEXTRACT(I4, ""Affected Clients:\s*(\d+)"")), 0)"),6.0) -> 6
A5: =IFERROR(__xludf.DUMMYFUNCTION("""COMPUTED_VALUE"""),"LCP") -> LCP | B5: =IFERROR(__xludf.DUMMYFUNCTION("""COMPUTED_VALUE"""),"August, 2026") -> August, 2026 | C5: =IFERROR(__xludf.DUMMYFUNCTION("""COMPUTED_VALUE"""),46248.0) -> 46248 | D5: =IFERROR(__xludf.DUMMYFUNCTION("""COMPUTED_VALUE"""),"BENGUET") -> BENGUET | E5: =IFERROR(__xludf.DUMMYFUNCTION("""COMPUTED_VALUE"""),"BAKUN") -> BAKUN | F5: =IFERROR(__xludf.DUMMYFUNCTION("""COMPUTED_VALUE"""),"TT-20260814-00000401") -> TT-20260814-00000401 | H5: =IFERROR(__xludf.DUMMYFUNCTION("""COMPUTED_VALUE"""),"TT-20260814-00000401 | BENGUET | BAKUN | SA | LCP DOWN | TT-20260814-00000401 SA - LCP DOWN - BENGUET - BNB001-OLT-01 (0/1/14) LP15 SFDC Ticket ID INC-000128319 Affected Nodes/Links BNB001-OLT-01 0/1/14 Affected Users (From IM) 2 Start Time 2026-08-14 1"&"8:21:28") -> TT-20260814-00000401 | BENGUET | BAKUN | SA | LCP DOWN | TT-20260814-00000401 SA - LCP DOWN - BENGUET - BNB001-OLT-01 (0/1/14) LP15 SFDC Ticket ID INC-000128319 Affected Nodes/Links BNB001-OLT-01 0/1/14 Affected Users (From IM) 2 Start Time 2026-08-14 18:21:28 | I5: =IFERROR(__xludf.DUMMYFUNCTION("""COMPUTED_VALUE"""),"TT-20260814-00000401 SA - LCP DOWN - BENGUET - BNB001-OLT-01 (0/1/14) LP15 SFDC Ticket ID INC-000128319 Affected Nodes/Links BNB001-OLT-01 0/1/14 Affected Users (From IM) 2 Start Time 2026-08-14 18:21:28") -> TT-20260814-00000401 SA - LCP DOWN - BENGUET - BNB001-OLT-01 (0/1/14) LP15 SFDC Ticket ID INC-000128319 Affected Nodes/Links BNB001-OLT-01 0/1/14 Affected Users (From IM) 2 Start Time 2026-08-14 18:21:28 | J5: =IFERROR(__xludf.DUMMYFUNCTION("""COMPUTED_VALUE"""),2.0) -> 2 | K5: =IFERROR(__xludf.DUMMYFUNCTION("""COMPUTED_VALUE"""),"SA") -> SA | L5: =IFERROR(__xludf.DUMMYFUNCTION("""COMPUTED_VALUE"""),"LCP DOWN") -> LCP DOWN | M5: =IFERROR(__xludf.DUMMYFUNCTION("""COMPUTED_VALUE"""),"GNOC") -> GNOC | N5: =IFERROR(__xludf.DUMMYFUNCTION("""COMPUTED_VALUE"""),46248.76490740741) -> 46248.765 | O5: =IFERROR(__xludf.DUMMYFUNCTION("""COMPUTED_VALUE"""),46248.76490740741) -> 46248.765 | X5: =IFERROR(__xludf.DUMMYFUNCTION("""COMPUTED_VALUE"""),"-") -> - | Z5: =IFERROR(__xludf.DUMMYFUNCTION("""COMPUTED_VALUE"""),46249.06423988426) -> 46249.064 | AA5: =IFERROR(__xludf.DUMMYFUNCTION("""COMPUTED_VALUE"""),0.2993324768506338) -> 0.29933248 | AB5: =IFERROR(__xludf.DUMMYFUNCTION("LEN(REGEXREPLACE(REGEXREPLACE(REGEXEXTRACT(I5, ""(?s)Affected Nodes/Links(.*)""), ""https://[^\s]+"", """"), ""[^/]"", """")) / 2"),1.0) -> 1 | AC5: =IFERROR(__xludf.DUMMYFUNCTION("IFERROR(VALUE(REGEXEXTRACT(I5, ""No\.? of [Ss]ubs:\s*(\d+)"")), 0) + IFERROR(VALUE(REGEXEXTRACT(I5, ""Affected Users(?:\s*\(From IM\))?:?\s*(\d+)"")), 0) + IFERROR(VALUE(REGEXEXTRACT(I5, ""Affected Clients:\s*(\d+)"")), 0)"),2.0) -> 2
A6: =IFERROR(__xludf.DUMMYFUNCTION("""COMPUTED_VALUE"""),"LCP") -> LCP | B6: =IFERROR(__xludf.DUMMYFUNCTION("""COMPUTED_VALUE"""),"August, 2026") -> August, 2026 | C6: =IFERROR(__xludf.DUMMYFUNCTION("""COMPUTED_VALUE"""),46247.0) -> 46247 | D6: =IFERROR(__xludf.DUMMYFUNCTION("""COMPUTED_VALUE"""),"IFUGAO") -> IFUGAO | E6: =IFERROR(__xludf.DUMMYFUNCTION("""COMPUTED_VALUE"""),"LAGAWE") -> LAGAWE | F6: =IFERROR(__xludf.DUMMYFUNCTION("""COMPUTED_VALUE"""),"TT-20260813-00000424") -> TT-20260813-00000424 | H6: =IFERROR(__xludf.DUMMYFUNCTION("""COMPUTED_VALUE"""),"TT-20260813-00000424 | IFUGAO | LAGAWE | SA | LCP DOWN | TT-20260813-00000424 SA - LCP DOWN - IFUGAO - LEF001-OLT-01 (0/1/1) LP2 SFDC Ticket ID INC-000128027 Affected Nodes/Links LEF001-OLT-01 0/1/1 Affected Users (From IM) 7 Start Time 2026-08-"&"13 18:24:16") -> TT-20260813-00000424 | IFUGAO | LAGAWE | SA | LCP DOWN | TT-20260813-00000424 SA - LCP DOWN - IFUGAO - LEF001-OLT-01 (0/1/1) LP2 SFDC Ticket ID INC-000128027 Affected Nodes/Links LEF001-OLT-01 0/1/1 Affected Users (From IM) 7 Start Time 2026-08-13 18:24:16 | I6: =IFERROR(__xludf.DUMMYFUNCTION("""COMPUTED_VALUE"""),"TT-20260813-00000424 SA - LCP DOWN - IFUGAO - LEF001-OLT-01 (0/1/1) LP2 SFDC Ticket ID INC-000128027 Affected Nodes/Links LEF001-OLT-01 0/1/1 Affected Users (From IM) 7 Start Time 2026-08-13 18:24:16") -> TT-20260813-00000424 SA - LCP DOWN - IFUGAO - LEF001-OLT-01 (0/1/1) LP2 SFDC Ticket ID INC-000128027 Affected Nodes/Links LEF001-OLT-01 0/1/1 Affected Users (From IM) 7 Start Time 2026-08-13 18:24:16 | J6: =IFERROR(__xludf.DUMMYFUNCTION("""COMPUTED_VALUE"""),7.0) -> 7 | K6: =IFERROR(__xludf.DUMMYFUNCTION("""COMPUTED_VALUE"""),"SA") -> SA | L6: =IFERROR(__xludf.DUMMYFUNCTION("""COMPUTED_VALUE"""),"LCP DOWN") -> LCP DOWN | M6: =IFERROR(__xludf.DUMMYFUNCTION("""COMPUTED_VALUE"""),"GNOC") -> GNOC | N6: =IFERROR(__xludf.DUMMYFUNCTION("""COMPUTED_VALUE"""),46247.7671875) -> 46247.767 | O6: =IFERROR(__xludf.DUMMYFUNCTION("""COMPUTED_VALUE"""),46247.7671875) -> 46247.767 | X6: =IFERROR(__xludf.DUMMYFUNCTION("""COMPUTED_VALUE"""),"-") -> - | Z6: =IFERROR(__xludf.DUMMYFUNCTION("""COMPUTED_VALUE"""),46249.06423988426) -> 46249.064 | AA6: =IFERROR(__xludf.DUMMYFUNCTION("""COMPUTED_VALUE"""),1.2970523842598252) -> 1.2970524 | AB6: =IFERROR(__xludf.DUMMYFUNCTION("LEN(REGEXREPLACE(REGEXREPLACE(REGEXEXTRACT(I6, ""(?s)Affected Nodes/Links(.*)""), ""https://[^\s]+"", """"), ""[^/]"", """")) / 2"),1.0) -> 1 | AC6: =IFERROR(__xludf.DUMMYFUNCTION("IFERROR(VALUE(REGEXEXTRACT(I6, ""No\.? of [Ss]ubs:\s*(\d+)"")), 0) + IFERROR(VALUE(REGEXEXTRACT(I6, ""Affected Users(?:\s*\(From IM\))?:?\s*(\d+)"")), 0) + IFERROR(VALUE(REGEXEXTRACT(I6, ""Affected Clients:\s*(\d+)"")), 0)"),7.0) -> 7
A7: =IFERROR(__xludf.DUMMYFUNCTION("""COMPUTED_VALUE"""),"LCP") -> LCP | B7: =IFERROR(__xludf.DUMMYFUNCTION("""COMPUTED_VALUE"""),"August, 2026") -> August, 2026 | C7: =IFERROR(__xludf.DUMMYFUNCTION("""COMPUTED_VALUE"""),46248.0) -> 46248 | D7: =IFERROR(__xludf.DUMMYFUNCTION("""COMPUTED_VALUE"""),"ILOCOS_NORTE") -> ILOCOS_NORTE | E7: =IFERROR(__xludf.DUMMYFUNCTION("""COMPUTED_VALUE"""),"SINAIT") -> SINAIT | F7: =IFERROR(__xludf.DUMMYFUNCTION("""COMPUTED_VALUE"""),"TT-20260814-00000456") -> TT-20260814-00000456 | H7: =IFERROR(__xludf.DUMMYFUNCTION("""COMPUTED_VALUE"""),"TT-20260814-00000456 | ILOCOS_NORTE | SINAIT | SA | LCP DOWN | TT-20260814-00000456 SA - LCP DOWN - ILOCOS NORTE - SSI001-OLT-01 (0/3/14) LP47 SFDC Ticket ID INC-000128346 Affected Nodes/Links SSI001-OLT-01 0/3/14 Affected Users (From IM) 28 Start Time "&"2026-08-14 21:31:15") -> TT-20260814-00000456 | ILOCOS_NORTE | SINAIT | SA | LCP DOWN | TT-20260814-00000456 SA - LCP DOWN - ILOCOS NORTE - SSI001-OLT-01 (0/3/14) LP47 SFDC Ticket ID INC-000128346 Affected Nodes/Links SSI001-OLT-01 0/3/14 Affected Users (From IM) 28 Start Time 2026-08-14 21:31:15 | I7: =IFERROR(__xludf.DUMMYFUNCTION("""COMPUTED_VALUE"""),"TT-20260814-00000456 SA - LCP DOWN - ILOCOS NORTE - SSI001-OLT-01 (0/3/14) LP47 SFDC Ticket ID INC-000128346 Affected Nodes/Links SSI001-OLT-01 0/3/14 Affected Users (From IM) 28 Start Time 2026-08-14 21:31:15") -> TT-20260814-00000456 SA - LCP DOWN - ILOCOS NORTE - SSI001-OLT-01 (0/3/14) LP47 SFDC Ticket ID INC-000128346 Affected Nodes/Links SSI001-OLT-01 0/3/14 Affected Users (From IM) 28 Start Time 2026-08-14 21:31:15 | K7: =IFERROR(__xludf.DUMMYFUNCTION("""COMPUTED_VALUE"""),"SA") -> SA | L7: =IFERROR(__xludf.DUMMYFUNCTION("""COMPUTED_VALUE"""),"LCP DOWN") -> LCP DOWN | M7: =IFERROR(__xludf.DUMMYFUNCTION("""COMPUTED_VALUE"""),"GNOC") -> GNOC | N7: =IFERROR(__xludf.DUMMYFUNCTION("""COMPUTED_VALUE"""),46248.89670138889) -> 46248.897 | O7: =IFERROR(__xludf.DUMMYFUNCTION("""COMPUTED_VALUE"""),46248.89670138889) -> 46248.897 | X7: =IFERROR(__xludf.DUMMYFUNCTION("""COMPUTED_VALUE"""),"-") -> - | Z7: =IFERROR(__xludf.DUMMYFUNCTION("""COMPUTED_VALUE"""),46249.06423988426) -> 46249.064 | AA7: =IFERROR(__xludf.DUMMYFUNCTION("""COMPUTED_VALUE"""),0.1675384953707746) -> 0.1675385 | AB7: =IFERROR(__xludf.DUMMYFUNCTION("LEN(REGEXREPLACE(REGEXREPLACE(REGEXEXTRACT(I7, ""(?s)Affected Nodes/Links(.*)""), ""https://[^\s]+"", """"), ""[^/]"", """")) / 2"),1.0) -> 1 | AC7: =IFERROR(__xludf.DUMMYFUNCTION("IFERROR(VALUE(REGEXEXTRACT(I7, ""No\.? of [Ss]ubs:\s*(\d+)"")), 0) + IFERROR(VALUE(REGEXEXTRACT(I7, ""Affected Users(?:\s*\(From IM\))?:?\s*(\d+)"")), 0) + IFERROR(VALUE(REGEXEXTRACT(I7, ""Affected Clients:\s*(\d+)"")), 0)"),28.0) -> 28
A8: =IFERROR(__xludf.DUMMYFUNCTION("""COMPUTED_VALUE"""),"LCP") -> LCP | B8: =IFERROR(__xludf.DUMMYFUNCTION("""COMPUTED_VALUE"""),"August, 2026") -> August, 2026 | C8: =IFERROR(__xludf.DUMMYFUNCTION("""COMPUTED_VALUE"""),46249.0) -> 46249 | D8: =IFERROR(__xludf.DUMMYFUNCTION("""COMPUTED_VALUE"""),"ILOCOS_NORTE") -> ILOCOS_NORTE | E8: =IFERROR(__xludf.DUMMYFUNCTION("""COMPUTED_VALUE"""),"NUEVA ERA") -> NUEVA ERA | F8: =IFERROR(__xludf.DUMMYFUNCTION("""COMPUTED_VALUE"""),"TT-20260815-00000003") -> TT-20260815-00000003 | H8: =IFERROR(__xludf.DUMMYFUNCTION("""COMPUTED_VALUE"""),"TT-20260815-00000003 | ILOCOS_NORTE | NUEVA ERA | SA | LCP DOWN | TT-20260815-00000003 SA - MULTIPLE LCP DOWN - ILOCOS NORTE - NEI001-OLT-01 SFDC Ticket ID INC-000128372 Affected Nodes/Links NEI001-OLT-01 0/2/2 NEI001 LP26 NEI001-OLT-01 0/2/1 "&" NEI001 LP25 Affected Users (From IM) 52 Start Time 2026-08-14 23:58:38") -> TT-20260815-00000003 | ILOCOS_NORTE | NUEVA ERA | SA | LCP DOWN | TT-20260815-00000003 SA - MULTIPLE LCP DOWN - ILOCOS NORTE - NEI001-OLT-01 SFDC Ticket ID INC-000128372 Affected Nodes/Links NEI001-OLT-01 0/2/2 NEI001 LP26 NEI001-OLT-01 0/2/1 NEI001 LP25 Affected Users (From IM) 52 Start Time 2026-08-14 23:58:38 | I8: =IFERROR(__xludf.DUMMYFUNCTION("""COMPUTED_VALUE"""),"TT-20260815-00000003 SA - MULTIPLE LCP DOWN - ILOCOS NORTE - NEI001-OLT-01 SFDC Ticket ID INC-000128372 Affected Nodes/Links NEI001-OLT-01 0/2/2 NEI001 LP26 NEI001-OLT-01 0/2/1 NEI001 LP25 Affected Users (From IM) 52 Start Time 2026-08-14 "&"23:58:38") -> TT-20260815-00000003 SA - MULTIPLE LCP DOWN - ILOCOS NORTE - NEI001-OLT-01 SFDC Ticket ID INC-000128372 Affected Nodes/Links NEI001-OLT-01 0/2/2 NEI001 LP26 NEI001-OLT-01 0/2/1 NEI001 LP25 Affected Users (From IM) 52 Start Time 2026-08-14 23:58:38 | J8: =IFERROR(__xludf.DUMMYFUNCTION("""COMPUTED_VALUE"""),52.0) -> 52 | K8: =IFERROR(__xludf.DUMMYFUNCTION("""COMPUTED_VALUE"""),"SA") -> SA | L8: =IFERROR(__xludf.DUMMYFUNCTION("""COMPUTED_VALUE"""),"LCP DOWN") -> LCP DOWN | M8: =IFERROR(__xludf.DUMMYFUNCTION("""COMPUTED_VALUE"""),"GNOC") -> GNOC | N8: =IFERROR(__xludf.DUMMYFUNCTION("""COMPUTED_VALUE"""),46248.99905092592) -> 46248.999 | O8: =IFERROR(__xludf.DUMMYFUNCTION("""COMPUTED_VALUE"""),46249.00920138889) -> 46249.009 | X8: =IFERROR(__xludf.DUMMYFUNCTION("""COMPUTED_VALUE"""),"-") -> - | Z8: =IFERROR(__xludf.DUMMYFUNCTION("""COMPUTED_VALUE"""),46249.06423988426) -> 46249.064 | AA8: =IFERROR(__xludf.DUMMYFUNCTION("""COMPUTED_VALUE"""),0.05503849537150218) -> 0.055038495 | AB8: =IFERROR(__xludf.DUMMYFUNCTION("LEN(REGEXREPLACE(REGEXREPLACE(REGEXEXTRACT(I8, ""(?s)Affected Nodes/Links(.*)""), ""https://[^\s]+"", """"), ""[^/]"", """")) / 2"),2.0) -> 2 | AC8: =IFERROR(__xludf.DUMMYFUNCTION("IFERROR(VALUE(REGEXEXTRACT(I8, ""No\.? of [Ss]ubs:\s*(\d+)"")), 0) + IFERROR(VALUE(REGEXEXTRACT(I8, ""Affected Users(?:\s*\(From IM\))?:?\s*(\d+)"")), 0) + IFERROR(VALUE(REGEXEXTRACT(I8, ""Affected Clients:\s*(\d+)"")), 0)"),52.0) -> 52
A9: =IFERROR(__xludf.DUMMYFUNCTION("""COMPUTED_VALUE"""),"LCP") -> LCP | B9: =IFERROR(__xludf.DUMMYFUNCTION("""COMPUTED_VALUE"""),"August, 2026") -> August, 2026 | C9: =IFERROR(__xludf.DUMMYFUNCTION("""COMPUTED_VALUE"""),46249.0) -> 46249 | D9: =IFERROR(__xludf.DUMMYFUNCTION("""COMPUTED_VALUE"""),"ILOCOS_NORTE") -> ILOCOS_NORTE | E9: =IFERROR(__xludf.DUMMYFUNCTION("""COMPUTED_VALUE"""),"NUEVA ERA") -> NUEVA ERA | F9: =IFERROR(__xludf.DUMMYFUNCTION("""COMPUTED_VALUE"""),"TT-20260815-00000022") -> TT-20260815-00000022 | H9: =IFERROR(__xludf.DUMMYFUNCTION("""COMPUTED_VALUE"""),"TT-20260815-00000022 | ILOCOS_NORTE | NUEVA ERA | SA | LCP DOWN | TT-20260815-00000022 SA - MULTIPLE LCP DOWN - ILOCOS NORTE - NEI001-OLT-01 SFDC Ticket ID undefined Affected Nodes/Links NEI001-OLT-01 0/2/6 NEI001-OLT-01 0/2/3 Affected Users (From IM) "&"8 Start Time 2026-08-15 00:35:23") -> TT-20260815-00000022 | ILOCOS_NORTE | NUEVA ERA | SA | LCP DOWN | TT-20260815-00000022 SA - MULTIPLE LCP DOWN - ILOCOS NORTE - NEI001-OLT-01 SFDC Ticket ID undefined Affected Nodes/Links NEI001-OLT-01 0/2/6 NEI001-OLT-01 0/2/3 Affected Users (From IM) 8 Start Time 2026-08-15 00:35:23 | I9: =IFERROR(__xludf.DUMMYFUNCTION("""COMPUTED_VALUE""")," TT-20260815-00000022 SA - MULTIPLE LCP DOWN - ILOCOS NORTE - NEI001-OLT-01 SFDC Ticket ID undefined Affected Nodes/Links NEI001-OLT-01 0/2/6 NEI001-OLT-01 0/2/3 Affected Users (From IM) 8 Start Time 2026-08-15 00:35:23") -> TT-20260815-00000022 SA - MULTIPLE LCP DOWN - ILOCOS NORTE - NEI001-OLT-01 SFDC Ticket ID undefined Affected Nodes/Links NEI001-OLT-01 0/2/6 NEI001-OLT-01 0/2/3 Affected Users (From IM) 8 Start Time 2026-08-15 00:35:23 | J9: =IFERROR(__xludf.DUMMYFUNCTION("""COMPUTED_VALUE"""),8.0) -> 8 | K9: =IFERROR(__xludf.DUMMYFUNCTION("""COMPUTED_VALUE"""),"SA") -> SA | L9: =IFERROR(__xludf.DUMMYFUNCTION("""COMPUTED_VALUE"""),"LCP DOWN") -> LCP DOWN | M9: =IFERROR(__xludf.DUMMYFUNCTION("""COMPUTED_VALUE"""),"GNOC") -> GNOC | N9: =IFERROR(__xludf.DUMMYFUNCTION("""COMPUTED_VALUE"""),46249.02457175926) -> 46249.025 | O9: =IFERROR(__xludf.DUMMYFUNCTION("""COMPUTED_VALUE"""),46249.03836805555) -> 46249.038 | X9: =IFERROR(__xludf.DUMMYFUNCTION("""COMPUTED_VALUE"""),"-") -> - | Z9: =IFERROR(__xludf.DUMMYFUNCTION("""COMPUTED_VALUE"""),46249.06423988426) -> 46249.064 | AA9: =IFERROR(__xludf.DUMMYFUNCTION("""COMPUTED_VALUE"""),0.025871828704350456) -> 0.025871829 | AB9: =IFERROR(__xludf.DUMMYFUNCTION("LEN(REGEXREPLACE(REGEXREPLACE(REGEXEXTRACT(I9, ""(?s)Affected Nodes/Links(.*)""), ""https://[^\s]+"", """"), ""[^/]"", """")) / 2"),2.0) -> 2 | AC9: =IFERROR(__xludf.DUMMYFUNCTION("IFERROR(VALUE(REGEXEXTRACT(I9, ""No\.? of [Ss]ubs:\s*(\d+)"")), 0) + IFERROR(VALUE(REGEXEXTRACT(I9, ""Affected Users(?:\s*\(From IM\))?:?\s*(\d+)"")), 0) + IFERROR(VALUE(REGEXEXTRACT(I9, ""Affected Clients:\s*(\d+)"")), 0)"),8.0) -> 8
A10: =IFERROR(__xludf.DUMMYFUNCTION("""COMPUTED_VALUE"""),"LCP") -> LCP | B10: =IFERROR(__xludf.DUMMYFUNCTION("""COMPUTED_VALUE"""),"August, 2026") -> August, 2026 | C10: =IFERROR(__xludf.DUMMYFUNCTION("""COMPUTED_VALUE"""),46248.0) -> 46248 | D10: =IFERROR(__xludf.DUMMYFUNCTION("""COMPUTED_VALUE"""),"NUEVA_VIZCAYA") -> NUEVA_VIZCAYA | E10: =IFERROR(__xludf.DUMMYFUNCTION("""COMPUTED_VALUE"""),"KASIBU") -> KASIBU | F10: =IFERROR(__xludf.DUMMYFUNCTION("""COMPUTED_VALUE"""),"TT-20260814-00000392") -> TT-20260814-00000392 | H10: =IFERROR(__xludf.DUMMYFUNCTION("""COMPUTED_VALUE"""),"TT-20260814-00000392 | NUEVA_VIZCAYA | KASIBU | SA | LCP DOWN | TT-20260814-00000392 SA - MULTIPLE LCP DOWN - NUEVA VIZCAYA - KSV001-OLT-01 SFDC Ticket ID INC-000128314 Affected Nodes/Links KSV001-OLT-01 0/1/12 KSV001 LP13 KSV001-OLT-01 0/1/15 "&" KSV001 LP16 KSV001-OLT-01 0/2/0 KSV001 LP17 KSV001-OLT-01 0/1/13 KSV001 LP14 KSV001-OLT-01 0/1/5 KSV001 LP6 KSV001-OLT-01 0/1/14 KSV001 LP15 KSV001-OLT-01 0/1/2 KSV001 LP3 KSV001-OLT-01 0/1/7 KSV001 LP8 KSV001"&"-OLT-01 0/1/3 KSV001 LP4 KSV001-OLT-01 0/1/4 KSV001 LP5 KSV001-OLT-01 0/1/6 KSV001 LP7 KSV001-OLT-01 0/1/9 KSV001 LP10 Affected Users (From IM) 245 Start Time 2026-08-14 17:28:40") -> TT-20260814-00000392 | NUEVA_VIZCAYA | KASIBU | SA | LCP DOWN | TT-20260814-00000392 SA - MULTIPLE LCP DOWN - NUEVA VIZCAYA - KSV001-OLT-01 SFDC Ticket ID INC-000128314 Affected Nodes/Links KSV001-OLT-01 0/1/12 KSV001 LP13 KSV001-OLT-01 0/1/15 KSV001 LP16 KSV001-OLT-01 0/2/0 KSV001 LP17 KSV001-OLT-01 0/1/13 KSV001 LP14 KSV001-OLT-01 0/1/5 KSV001 LP6 KSV001-OLT-01 0/1/14 KSV001 LP15 KSV001-OLT-01 0/1/2 KSV001 LP3 KSV001-OLT-01 0/1/7 KSV001 LP8 KSV001-OLT-01 0/1/3 KSV001 LP4 KSV001-OLT-01 0/1/4 KSV001 LP5 KSV001-OLT-01 0/1/6 KSV001 LP7 KSV001-OLT-01 0/1/9 KSV001 LP10 Affected Users (From IM) 245 Start Time 2026-08-14 17:28:40 | I10: =IFERROR(__xludf.DUMMYFUNCTION("""COMPUTED_VALUE"""),"TT-20260814-00000392 SA - MULTIPLE LCP DOWN - NUEVA VIZCAYA - KSV001-OLT-01 SFDC Ticket ID INC-000128314 Affected Nodes/Links KSV001-OLT-01 0/1/12 KSV001 LP13 KSV001-OLT-01 0/1/15 KSV001 LP16 KSV001-OLT-01 0/2/0 KSV001 LP17 KSV001-OL"&"T-01 0/1/13 KSV001 LP14 KSV001-OLT-01 0/1/5 KSV001 LP6 KSV001-OLT-01 0/1/14 KSV001 LP15 KSV001-OLT-01 0/1/2 KSV001 LP3 KSV001-OLT-01 0/1/7 KSV001 LP8 KSV001-OLT-01 0/1/3 KSV001 LP4 KSV001-OLT-01 0/1/4 KSV00"&"1 LP5 KSV001-OLT-01 0/1/6 KSV001 LP7 KSV001-OLT-01 0/1/9 KSV001 LP10 Affected Users (From IM) 245 Start Time 2026-08-14 17:28:40") -> TT-20260814-00000392 SA - MULTIPLE LCP DOWN - NUEVA VIZCAYA - KSV001-OLT-01 SFDC Ticket ID INC-000128314 Affected Nodes/Links KSV001-OLT-01 0/1/12 KSV001 LP13 KSV001-OLT-01 0/1/15 KSV001 LP16 KSV001-OLT-01 0/2/0 KSV001 LP17 KSV001-OLT-01 0/1/13 KSV001 LP14 KSV001-OLT-01 0/1/5 KSV001 LP6 KSV001-OLT-01 0/1/14 KSV001 LP15 KSV001-OLT-01 0/1/2 KSV001 LP3 KSV001-OLT-01 0/1/7 KSV001 LP8 KSV001-OLT-01 0/1/3 KSV001 LP4 KSV001-OLT-01 0/1/4 KSV001 LP5 KSV001-OLT-01 0/1/6 KSV001 LP7 KSV001-OLT-01 0/1/9 KSV001 LP10 Affected Users (From IM) 245 Start Time 2026-08-14 17:28:40 | K10: =IFERROR(__xludf.DUMMYFUNCTION("""COMPUTED_VALUE"""),"SA") -> SA | L10: =IFERROR(__xludf.DUMMYFUNCTION("""COMPUTED_VALUE"""),"LCP DOWN") -> LCP DOWN | M10: =IFERROR(__xludf.DUMMYFUNCTION("""COMPUTED_VALUE"""),"NLZ FIBER TEAM") -> NLZ FIBER TEAM | N10: =IFERROR(__xludf.DUMMYFUNCTION("""COMPUTED_VALUE"""),46248.72824074074) -> 46248.728 | O10: =IFERROR(__xludf.DUMMYFUNCTION("""COMPUTED_VALUE"""),46248.72824074074) -> 46248.728 | X10: =IFERROR(__xludf.DUMMYFUNCTION("""COMPUTED_VALUE"""),"-") -> - | Z10: =IFERROR(__xludf.DUMMYFUNCTION("""COMPUTED_VALUE"""),46249.06423988426) -> 46249.064 | AA10: =IFERROR(__xludf.DUMMYFUNCTION("""COMPUTED_VALUE"""),0.3359991435174945) -> 0.33599914 | AB10: =IFERROR(__xludf.DUMMYFUNCTION("LEN(REGEXREPLACE(REGEXREPLACE(REGEXEXTRACT(I10, ""(?s)Affected Nodes/Links(.*)""), ""https://[^\s]+"", """"), ""[^/]"", """")) / 2"),12.0) -> 12 | AC10: =IFERROR(__xludf.DUMMYFUNCTION("IFERROR(VALUE(REGEXEXTRACT(I10, ""No\.? of [Ss]ubs:\s*(\d+)"")), 0) + IFERROR(VALUE(REGEXEXTRACT(I10, ""Affected Users(?:\s*\(From IM\))?:?\s*(\d+)"")), 0) + IFERROR(VALUE(REGEXEXTRACT(I10, ""Affected Clients:\s*(\d+)"")), 0)"),245.0) -> 245
